asset,donchian_len,atr_mult,sma_len,final_eq,n_trades,n_long,n_short,win_rate,max_dd,sharpe
BTC,30,2.0,300,864.83,72,29,43,29.17,19.673,-0.0749
BTC,30,2.5,300,843.73,61,23,38,31.15,19.757,-0.1139
BTC,30,3.0,300,834.35,53,21,32,30.19,20.456,-0.1156
BTC,30,2.0,50,825.59,101,49,52,30.69,30.0371,-0.0725
BTC,20,3.0,50,824.34,82,40,42,34.15,25.2852,-0.0763
BTC,10,3.0,50,820.33,88,42,46,34.09,23.3559,-0.0684
BTC,30,2.0,100,814.07,92,45,47,31.52,27.4903,-0.0903
BTC,30,3.0,50,801.89,75,36,39,30.67,27.5932,-0.1017
BTC,30,2.0,150,798.28,84,36,48,29.76,26.265,-0.109
BTC,20,2.5,300,797.43,74,31,43,35.14,20.855,-0.1243
BTC,10,2.5,300,788.87,88,32,56,31.82,25.581,-0.0955
BTC,20,2.0,300,776.65,89,39,50,26.97,23.774,-0.1184
BTC,30,2.0,200,773.11,84,34,50,29.76,26.822,-0.128
BTC,30,3.0,100,771.49,69,34,35,30.43,28.7313,-0.1372
BTC,30,2.5,100,767.89,80,38,42,31.25,28.2045,-0.1438
BTC,20,2.0,100,762.35,106,52,54,30.19,29.9558,-0.1108
BTC,30,2.5,50,759.51,88,41,47,30.68,31.6328,-0.1289
BTC,30,2.0,250,756.72,83,35,48,27.71,25.927,-0.1419
BTC,10,3.0,300,756.16,73,27,46,30.14,25.49,-0.1189
BTC,20,2.5,100,748.53,89,42,47,34.83,31.7771,-0.1405
BTC,20,3.0,300,744.04,64,27,37,31.25,25.596,-0.1579
BTC,30,2.5,150,743.14,74,32,42,31.08,27.319,-0.1763
BTC,20,2.0,150,735.85,100,44,56,28.0,27.778,-0.1333
BTC,10,2.5,50,730.11,111,52,59,29.73,33.9082,-0.1041
BTC,20,2.0,200,729.09,99,42,57,28.28,28.442,-0.1414
BTC,20,2.5,50,724.64,101,49,52,30.69,33.7541,-0.1293
BTC,30,2.5,200,723.48,74,30,44,31.08,28.195,-0.1962
BTC,30,3.0,150,723.21,65,29,36,30.77,30.294,-0.1859
BTC,20,2.5,200,720.81,84,36,48,34.52,30.107,-0.1717
BTC,10,2.0,300,720.64,114,47,67,26.32,29.452,-0.1186
BTC,30,2.5,250,718.75,72,30,42,27.78,28.664,-0.2087
BTC,20,2.5,150,716.73,86,38,48,34.88,30.312,-0.1683
BTC,30,3.0,200,716.39,65,28,37,29.23,30.608,-0.195
BTC,20,2.0,50,715.71,123,62,61,27.64,34.0134,-0.1132
BTC,20,3.0,100,706.29,77,38,39,32.47,31.7158,-0.1673
BTC,30,3.0,250,704.46,63,27,36,23.81,29.554,-0.2114
BTC,10,3.0,200,698.61,80,33,47,31.25,33.984,-0.1538
BTC,20,2.5,250,694.53,83,36,47,31.33,31.068,-0.1959
BTC,20,3.0,200,689.21,73,32,41,31.51,32.791,-0.19
BTC,20,2.0,250,688.75,99,43,56,26.26,32.401,-0.1692
BTC,10,2.5,100,681.01,103,47,56,31.07,36.3714,-0.1447
BTC,10,2.5,250,679.87,95,38,57,28.42,32.745,-0.1586
BTC,10,2.5,150,676.29,99,43,56,31.31,34.4,-0.1523
BTC,10,2.5,200,676.0,97,40,57,29.9,33.894,-0.1567
BTC,10,2.0,150,657.92,125,57,68,27.2,35.967,-0.1477
BTC,10,2.0,50,654.52,144,72,72,25.69,39.7073,-0.1256
BTC,20,3.0,250,653.95,72,31,41,26.39,34.605,-0.2201
BTC,10,3.0,150,650.67,83,36,47,30.12,34.933,-0.1784
BTC,10,3.0,250,650.13,80,32,48,26.25,34.987,-0.1866
BTC,10,2.0,200,646.8,123,52,71,27.64,35.9724,-0.1577
BTC,10,2.0,100,646.65,131,64,67,26.72,38.2248,-0.1481
BTC,10,2.0,250,641.38,122,52,70,25.41,37.211,-0.1585
BTC,20,3.0,150,640.33,76,34,42,30.26,35.967,-0.2184
BTC,10,3.0,100,630.71,88,42,46,30.68,38.7262,-0.1858
ETH,30,3.0,50,1316.11,66,32,34,36.36,19.6095,0.1161
ETH,30,2.5,50,1158.97,80,40,40,35.0,22.8795,0.0633
ETH,30,3.0,150,1099.25,54,25,29,38.89,18.904,0.0602
ETH,30,3.0,100,1093.21,60,29,31,40.0,19.7555,0.0544
ETH,30,3.0,200,1028.32,55,24,31,36.36,23.388,0.031
ETH,30,2.5,300,1019.32,60,25,35,30.0,21.066,0.0268
ETH,30,2.5,250,996.38,64,28,36,32.81,21.2317,0.0175
ETH,30,2.5,100,993.24,72,36,36,33.33,20.7817,0.0163
ETH,20,3.0,50,992.52,76,37,39,34.21,24.7777,0.0173
ETH,30,2.0,300,982.87,73,31,42,34.25,22.876,0.0085
ETH,20,3.0,100,978.35,65,30,35,40.0,30.7033,0.0112
ETH,30,3.0,300,977.06,52,22,30,30.77,23.853,0.0098
ETH,30,2.0,50,976.07,100,51,49,36.0,29.7152,0.0075
ETH,30,2.5,150,969.81,66,31,35,33.33,21.299,0.0077
ETH,30,3.0,250,957.23,56,25,31,32.14,23.5964,0.0009
ETH,20,3.0,150,954.64,62,27,35,37.1,23.8469,0.0009
ETH,10,2.5,100,938.44,91,45,46,31.87,32.8273,0.0011
ETH,20,3.0,200,935.31,62,25,37,35.48,24.891,-0.0084
ETH,30,2.0,250,921.96,79,36,43,32.91,27.3961,-0.0164
ETH,20,2.5,250,918.61,73,30,43,32.88,27.416,-0.0104
ETH,10,2.0,100,918.36,119,60,59,31.93,28.1878,-0.0074
ETH,30,2.0,150,913.58,80,37,43,33.75,25.667,-0.0185
ETH,20,2.0,300,911.64,86,36,50,31.4,23.012,-0.0185
ETH,30,2.5,200,907.66,67,30,37,32.84,24.855,-0.0174
ETH,20,2.5,300,907.32,70,28,42,30.0,26.5616,-0.015
ETH,20,3.0,250,890.76,61,25,36,34.43,23.0544,-0.0266
ETH,10,2.5,250,889.41,85,37,48,30.59,30.6897,-0.0136
ETH,10,3.0,50,886.38,83,42,41,34.94,31.815,-0.0149
ETH,20,3.0,300,883.86,59,23,36,32.2,23.394,-0.0299
ETH,10,3.0,100,882.72,72,35,37,38.89,39.2069,-0.0208
ETH,10,2.5,300,876.11,82,37,45,28.05,27.1209,-0.0185
ETH,20,2.5,100,875.64,81,39,42,33.33,31.2426,-0.0232
ETH,10,2.5,50,866.01,108,55,53,31.48,26.6884,-0.0149
ETH,30,2.0,100,861.4,90,45,45,32.22,29.3148,-0.0362
ETH,30,2.0,200,857.91,81,37,44,32.1,29.11,-0.0433
ETH,20,2.5,150,844.96,78,35,43,33.33,27.8561,-0.0366
ETH,20,2.0,250,842.96,92,40,52,30.43,27.5246,-0.0445
ETH,20,2.0,150,837.39,93,42,51,31.18,25.403,-0.0452
ETH,10,2.0,300,829.3,109,51,58,32.11,27.904,-0.0371
ETH,10,3.0,150,828.9,72,33,39,34.72,32.0095,-0.0434
ETH,20,2.0,100,818.24,101,49,52,29.7,28.0556,-0.0489
ETH,10,2.0,250,815.6,113,51,62,30.97,29.0487,-0.0399
ETH,20,2.5,200,815.15,78,33,45,33.33,25.014,-0.0502
ETH,20,2.0,200,814.77,93,41,52,30.11,28.764,-0.0556
ETH,20,2.5,50,809.67,97,49,48,31.96,27.3113,-0.0369
ETH,10,2.0,50,805.07,143,76,67,31.47,30.0112,-0.0348
ETH,10,3.0,300,801.82,67,29,38,31.34,25.501,-0.0539
ETH,10,3.0,250,797.87,71,30,41,32.39,30.6993,-0.0534
ETH,10,2.0,200,797.55,116,53,63,31.9,29.773,-0.0457
ETH,10,3.0,200,793.7,73,31,42,32.88,28.443,-0.0589
ETH,20,2.0,50,765.35,121,62,59,31.4,34.7681,-0.0581
ETH,10,2.5,200,754.9,93,41,52,30.11,31.1154,-0.0597
ETH,10,2.0,150,735.15,119,57,62,31.09,37.6396,-0.0668
ETH,10,2.5,150,713.06,95,45,50,29.47,39.2757,-0.0731
SOL,30,2.0,300,1067.65,72,32,40,34.72,19.928,0.0428
SOL,30,2.0,250,1020.95,73,34,39,34.25,25.949,0.0241
SOL,20,2.0,250,966.03,84,38,46,34.52,23.952,0.0031
SOL,30,2.0,50,963.61,100,50,50,30.0,39.0338,0.0059
SOL,20,2.0,300,955.0,83,36,47,34.94,23.2578,-0.0014
SOL,30,2.5,300,954.87,63,27,36,28.57,21.348,-0.0064
SOL,30,2.0,150,949.1,81,38,43,30.86,33.6354,-0.0032
SOL,10,2.0,300,916.03,102,46,56,32.35,26.54,-0.0116
SOL,30,3.0,300,901.17,55,23,32,30.91,22.9212,-0.0388
SOL,30,2.0,200,900.35,80,38,42,31.25,34.772,-0.0235
SOL,20,3.0,300,888.22,59,24,35,35.59,24.3341,-0.0382
SOL,30,2.5,50,885.65,87,44,43,28.74,40.4983,-0.0225
SOL,30,2.5,250,879.1,65,29,36,30.77,27.887,-0.0425
SOL,30,2.0,100,876.99,90,43,47,28.89,37.0767,-0.0295
SOL,20,2.0,150,869.5,94,42,52,30.85,32.3847,-0.0292
SOL,10,2.0,250,857.68,106,50,56,31.13,28.163,-0.0299
SOL,20,3.0,250,856.58,61,26,35,36.07,28.502,-0.0513
SOL,30,3.0,50,854.3,76,38,38,31.58,38.1565,-0.0363
SOL,20,2.5,300,843.76,72,31,41,27.78,28.2413,-0.0535
SOL,30,2.5,150,843.48,72,33,39,26.39,37.069,-0.0534
SOL,10,2.5,300,839.72,85,37,48,29.41,27.502,-0.0441
SOL,20,2.0,200,835.98,94,42,52,31.91,33.1608,-0.0428
SOL,20,3.0,150,833.49,68,30,38,33.82,35.8055,-0.053
SOL,10,2.0,150,828.72,115,53,62,30.43,34.7789,-0.0358
SOL,30,3.0,250,823.89,57,25,32,31.58,27.503,-0.0772
SOL,20,2.5,250,823.25,74,33,41,29.73,27.712,-0.0614
SOL,10,3.0,300,820.29,70,30,40,34.29,27.012,-0.0629
SOL,30,3.0,100,809.67,67,31,36,31.34,35.6489,-0.0709
SOL,10,2.5,50,808.46,112,55,57,25.89,47.289,-0.0363
SOL,30,2.5,100,800.93,78,37,41,29.49,37.2475,-0.0705
SOL,30,3.0,150,799.96,63,29,34,28.57,35.3926,-0.0767
SOL,20,2.5,50,798.87,103,52,51,26.21,44.1052,-0.0445
SOL,20,2.5,150,795.76,82,37,45,26.83,36.1843,-0.0665
SOL,10,2.5,150,791.77,95,43,52,30.53,36.49,-0.0563
SOL,30,2.5,200,789.18,71,33,38,28.17,37.316,-0.0831
SOL,20,3.0,200,783.47,67,29,38,32.84,37.9084,-0.0794
SOL,20,3.0,50,775.97,87,43,44,32.18,46.437,-0.0579
SOL,30,3.0,200,775.76,61,28,33,29.51,36.83,-0.0944
SOL,20,2.0,100,764.63,105,49,56,29.52,35.4798,-0.0662
SOL,20,3.0,100,763.16,74,34,40,32.43,37.9304,-0.0852
SOL,20,2.0,50,760.29,124,61,63,28.23,46.2543,-0.0484
SOL,10,3.0,150,753.94,79,36,43,36.71,39.234,-0.078
SOL,20,2.5,200,747.91,81,36,45,27.16,37.3877,-0.0909
SOL,10,2.5,250,747.02,90,41,49,30.0,30.5918,-0.0794
SOL,10,2.0,200,746.94,114,54,60,29.82,34.5288,-0.0653
SOL,20,2.5,100,746.81,88,42,46,28.41,35.7779,-0.0868
SOL,10,3.0,250,731.36,74,34,40,33.78,30.53,-0.1003
SOL,10,3.0,200,729.78,77,35,42,35.06,38.1799,-0.0938
SOL,10,2.0,50,721.95,141,68,73,26.95,50.594,-0.0529
SOL,10,3.0,50,706.89,93,46,47,30.11,50.1826,-0.0803
SOL,10,3.0,100,704.98,82,38,44,35.37,36.9686,-0.1037
SOL,10,2.5,100,704.53,100,47,53,30.0,36.3698,-0.0916
SOL,10,2.5,200,697.34,95,43,52,29.47,37.9314,-0.0966
SOL,10,2.0,100,674.02,126,60,66,28.57,39.4106,-0.0872
BNB,30,3.0,300,1170.0,45,17,28,46.67,11.6977,0.1414
BNB,30,2.0,300,1134.43,65,27,38,35.38,14.0978,0.085
BNB,30,3.0,250,1093.49,49,21,28,46.94,15.103,0.08
BNB,30,2.5,300,1085.92,56,23,33,37.5,10.7082,0.0685
BNB,10,3.0,300,1073.31,65,28,37,44.62,15.125,0.0532
BNB,30,2.0,250,1065.54,70,31,39,34.29,16.5192,0.0469
BNB,20,3.0,300,1053.5,55,22,33,47.27,14.2402,0.048
BNB,10,3.0,250,1033.02,68,32,36,44.12,16.167,0.0306
BNB,30,2.5,250,1008.13,61,27,34,36.07,13.5936,0.0172
BNB,30,2.0,200,995.36,77,34,43,33.77,18.257,0.0094
BNB,10,2.0,300,994.3,102,44,58,34.31,18.6059,0.0099
BNB,20,3.0,250,992.68,58,26,32,46.55,18.7582,0.0079
BNB,30,2.0,150,984.91,81,37,44,30.86,19.214,0.0039
BNB,10,2.5,300,978.78,83,38,45,38.55,17.907,0.0019
BNB,30,2.0,50,976.84,101,48,53,29.7,22.4266,0.0021
BNB,30,2.0,100,964.51,90,42,48,28.89,20.1198,-0.0052
BNB,30,3.0,50,960.42,72,34,38,36.11,20.1888,-0.0082
BNB,30,3.0,200,956.66,57,25,32,38.6,19.556,-0.0175
BNB,30,3.0,150,955.01,59,27,32,38.98,19.615,-0.017
BNB,10,2.0,250,920.74,107,50,57,32.71,22.8644,-0.0183
BNB,30,3.0,100,905.78,66,31,35,36.36,20.5759,-0.0453
BNB,30,2.5,150,905.42,71,33,38,32.39,21.439,-0.046
BNB,30,2.5,200,902.3,69,31,38,31.88,21.533,-0.0491
BNB,30,2.5,50,901.12,88,43,45,31.82,23.6365,-0.0361
BNB,20,2.5,300,901.03,72,31,41,38.89,17.9112,-0.0457
BNB,20,3.0,200,882.62,65,29,36,40.0,24.613,-0.0639
BNB,20,2.0,300,879.16,87,35,52,31.03,24.5677,-0.047
BNB,10,3.0,200,872.99,76,36,40,38.16,27.973,-0.0586
BNB,30,2.5,100,868.49,80,38,42,31.25,23.9869,-0.0623
BNB,20,3.0,150,861.93,68,32,36,38.24,26.334,-0.0731
BNB,10,2.5,250,857.17,90,45,45,37.78,21.726,-0.057
BNB,10,2.0,200,855.4,113,52,61,31.86,24.914,-0.0449
BNB,20,3.0,50,845.64,85,42,43,35.29,28.2227,-0.0637
BNB,20,2.0,250,830.63,92,41,51,30.43,28.0785,-0.0701
BNB,20,2.5,250,825.51,78,37,41,37.18,21.9754,-0.0887
BNB,20,3.0,100,788.41,76,35,41,35.53,29.2616,-0.1114
BNB,10,3.0,150,776.84,82,42,40,35.37,34.087,-0.1096
BNB,10,2.5,200,776.81,97,48,49,34.02,31.469,-0.0984
BNB,20,2.0,200,769.49,98,43,55,29.59,26.0817,-0.1019
BNB,10,3.0,50,764.11,94,47,47,34.04,32.6511,-0.0952
BNB,20,2.5,50,752.62,107,54,53,32.71,30.0741,-0.1008
BNB,20,2.0,100,743.54,112,50,62,26.79,30.0829,-0.1042
BNB,10,2.0,150,742.59,123,59,64,27.64,31.968,-0.0908
BNB,20,2.0,150,741.42,103,46,57,25.24,27.7889,-0.1142
BNB,20,2.0,50,738.24,128,61,67,26.56,31.5462,-0.0921
BNB,20,2.5,200,736.06,85,40,45,32.94,27.332,-0.1438
BNB,20,2.5,150,716.81,88,42,46,30.68,29.214,-0.1531
BNB,20,2.5,100,712.55,96,45,51,31.25,30.9892,-0.143
BNB,10,2.0,50,702.38,151,74,77,25.83,37.9156,-0.0859
BNB,10,2.5,150,700.41,103,53,50,32.04,36.338,-0.1376
BNB,10,2.5,50,693.11,121,61,60,31.4,37.9506,-0.1113
BNB,10,2.0,100,691.75,134,65,69,26.87,33.3022,-0.1071
BNB,10,3.0,100,673.48,89,45,44,33.71,36.0356,-0.1673
BNB,10,2.5,100,628.95,113,58,55,29.2,39.0859,-0.1693
