donchian_len,atr_len,atr_mult,csv_md5,final_eq,n_trades,win_rate,avg_ret,max_dd,sharpe_proxy
25,20,4.0,714146da31e0afc82ac1606ae27920d6,2536.68,8,50.0,16.9312,25.3219,0.4546
25,10,3.5,714146da31e0afc82ac1606ae27920d6,2497.32,9,44.44,14.582,25.5604,0.4252
25,14,4.0,714146da31e0afc82ac1606ae27920d6,2481.72,8,50.0,16.2804,24.53,0.4573
25,30,4.0,714146da31e0afc82ac1606ae27920d6,2137.94,9,55.56,11.087,26.2365,0.47
25,7,3.5,714146da31e0afc82ac1606ae27920d6,2117.4,10,40.0,11.4664,36.3592,0.3483
25,25,4.0,714146da31e0afc82ac1606ae27920d6,2104.88,9,55.56,10.7893,25.8333,0.469
25,20,3.5,714146da31e0afc82ac1606ae27920d6,2100.59,10,50.0,9.6088,27.8121,0.4412
25,14,3.5,714146da31e0afc82ac1606ae27920d6,2047.8,10,50.0,9.1783,26.6248,0.4407
25,7,4.0,714146da31e0afc82ac1606ae27920d6,2046.97,9,44.44,11.775,28.7183,0.369
25,10,4.0,714146da31e0afc82ac1606ae27920d6,2021.26,9,44.44,11.7961,30.1644,0.3586
20,10,3.5,714146da31e0afc82ac1606ae27920d6,1792.12,11,36.36,9.2028,39.0602,0.2778
30,20,4.0,714146da31e0afc82ac1606ae27920d6,1784.25,8,50.0,11.9013,26.3998,0.3225
30,10,3.5,714146da31e0afc82ac1606ae27920d6,1764.75,9,44.44,10.2152,29.6857,0.3024
30,14,4.0,714146da31e0afc82ac1606ae27920d6,1749.31,8,50.0,11.2921,25.6209,0.3206
20,20,4.0,714146da31e0afc82ac1606ae27920d6,1706.74,10,40.0,10.0362,41.4889,0.277
20,14,4.0,714146da31e0afc82ac1606ae27920d6,1674.18,10,40.0,9.5383,40.9772,0.2741
25,7,3.0,714146da31e0afc82ac1606ae27920d6,1650.19,13,38.46,5.6693,31.0147,0.2724
15,10,3.5,714146da31e0afc82ac1606ae27920d6,1618.91,14,35.71,7.6135,48.4604,0.2194
20,20,3.5,714146da31e0afc82ac1606ae27920d6,1599.02,12,41.67,6.2018,41.0646,0.2665
20,14,3.5,714146da31e0afc82ac1606ae27920d6,1562.41,12,41.67,5.8462,40.1885,0.2614
20,30,4.0,714146da31e0afc82ac1606ae27920d6,1552.77,11,45.45,6.7678,41.4438,0.2662
15,7,3.0,714146da31e0afc82ac1606ae27920d6,1544.47,18,33.33,4.5677,38.889,0.1974
15,7,3.5,714146da31e0afc82ac1606ae27920d6,1535.55,15,33.33,6.6402,50.7713,0.2014
25,20,1.0,714146da31e0afc82ac1606ae27920d6,1528.62,36,38.89,1.5865,27.9041,0.1646
20,7,3.5,714146da31e0afc82ac1606ae27920d6,1527.88,12,33.33,7.0894,47.6081,0.2239
20,25,4.0,714146da31e0afc82ac1606ae27920d6,1520.05,11,45.45,6.4752,41.547,0.2597
20,14,1.5,714146da31e0afc82ac1606ae27920d6,1505.2,26,38.46,2.3166,22.8979,0.1761
25,10,1.0,714146da31e0afc82ac1606ae27920d6,1502.95,35,40.0,1.5757,28.6418,0.1631
30,30,4.0,714146da31e0afc82ac1606ae27920d6,1501.17,9,55.56,6.5794,27.3018,0.303
8,14,1.0,714146da31e0afc82ac1606ae27920d6,1498.73,58,37.93,1.1461,44.8781,0.1117
25,7,1.5,714146da31e0afc82ac1606ae27920d6,1497.96,24,45.83,2.3356,25.9067,0.1921
30,7,3.5,714146da31e0afc82ac1606ae27920d6,1497.44,10,40.0,7.5551,39.9083,0.2357
8,20,1.0,714146da31e0afc82ac1606ae27920d6,1495.39,58,37.93,1.145,45.4863,0.1112
20,25,1.5,714146da31e0afc82ac1606ae27920d6,1492.51,27,37.04,2.2389,28.2812,0.1685
25,14,1.0,714146da31e0afc82ac1606ae27920d6,1491.76,36,41.67,1.5132,28.1445,0.1581
20,20,1.0,714146da31e0afc82ac1606ae27920d6,1484.57,38,39.47,1.453,31.8248,0.1496
30,25,4.0,714146da31e0afc82ac1606ae27920d6,1479.1,9,55.56,6.2971,26.9032,0.2988
30,20,3.5,714146da31e0afc82ac1606ae27920d6,1476.88,10,50.0,5.6358,31.8057,0.2807
20,20,1.5,714146da31e0afc82ac1606ae27920d6,1455.74,27,37.04,2.1379,28.3897,0.1618
25,14,1.5,714146da31e0afc82ac1606ae27920d6,1454.97,25,40.0,2.1631,25.6678,0.1759
20,14,1.0,714146da31e0afc82ac1606ae27920d6,1454.51,38,42.11,1.3936,31.756,0.1445
30,7,4.0,714146da31e0afc82ac1606ae27920d6,1445.4,9,44.44,7.5055,32.7508,0.2392
15,20,1.0,714146da31e0afc82ac1606ae27920d6,1443.42,45,40.0,1.3156,39.6375,0.1215
30,14,3.5,714146da31e0afc82ac1606ae27920d6,1442.42,10,50.0,5.2289,30.6852,0.2749
10,20,1.0,714146da31e0afc82ac1606ae27920d6,1441.04,53,37.74,1.1422,43.1839,0.111
10,14,1.0,714146da31e0afc82ac1606ae27920d6,1436.39,53,37.74,1.1337,42.7456,0.1106
25,30,3.5,714146da31e0afc82ac1606ae27920d6,1435.56,13,46.15,4.33,30.022,0.2252
15,14,1.0,714146da31e0afc82ac1606ae27920d6,1431.12,45,40.0,1.2934,39.1856,0.12
30,10,4.0,714146da31e0afc82ac1606ae27920d6,1428.85,9,44.44,7.5451,34.0864,0.2327
20,30,1.5,714146da31e0afc82ac1606ae27920d6,1426.56,28,35.71,2.0096,28.2119,0.1525
25,25,1.5,714146da31e0afc82ac1606ae27920d6,1425.71,26,38.46,2.0445,31.5032,0.1637
20,7,1.5,714146da31e0afc82ac1606ae27920d6,1413.93,26,42.31,2.0468,30.1409,0.1587
25,10,1.5,714146da31e0afc82ac1606ae27920d6,1405.1,25,40.0,1.9951,25.5937,0.166
25,30,1.0,714146da31e0afc82ac1606ae27920d6,1401.11,38,36.84,1.2763,28.1957,0.1351
25,25,3.5,714146da31e0afc82ac1606ae27920d6,1400.56,13,46.15,4.0996,29.9164,0.2159
20,7,4.0,714146da31e0afc82ac1606ae27920d6,1400.26,11,36.36,6.5415,43.165,0.2108
25,20,1.5,714146da31e0afc82ac1606ae27920d6,1398.65,26,38.46,1.9606,31.3395,0.1581
25,25,1.0,714146da31e0afc82ac1606ae27920d6,1389.31,37,35.14,1.2894,28.0416,0.1344
15,14,3.5,714146da31e0afc82ac1606ae27920d6,1380.54,15,40.0,4.7298,51.513,0.1893
20,10,4.0,714146da31e0afc82ac1606ae27920d6,1373.71,11,36.36,6.512,44.6849,0.2042
5,14,1.5,714146da31e0afc82ac1606ae27920d6,1372.05,50,36.0,1.4733,45.5916,0.1031
8,30,1.0,714146da31e0afc82ac1606ae27920d6,1366.0,60,35.0,0.9567,46.0584,0.0942
20,30,1.0,714146da31e0afc82ac1606ae27920d6,1363.82,40,35.0,1.1704,32.1213,0.1229
15,20,3.5,714146da31e0afc82ac1606ae27920d6,1363.22,15,40.0,4.8338,53.496,0.1862
25,30,1.5,714146da31e0afc82ac1606ae27920d6,1354.9,27,37.04,1.7941,31.6709,0.1446
8,25,1.0,714146da31e0afc82ac1606ae27920d6,1352.49,59,35.59,0.9569,45.827,0.0934
20,25,1.0,714146da31e0afc82ac1606ae27920d6,1350.67,39,33.33,1.1771,31.9678,0.1218
25,30,3.0,714146da31e0afc82ac1606ae27920d6,1346.84,16,43.75,2.7638,30.4929,0.1936
20,7,3.0,714146da31e0afc82ac1606ae27920d6,1341.93,15,33.33,3.8307,41.4204,0.1792
25,30,2.0,714146da31e0afc82ac1606ae27920d6,1323.95,22,40.91,2.0014,27.8934,0.1556
20,10,1.5,714146da31e0afc82ac1606ae27920d6,1322.02,27,37.04,1.733,29.9221,0.1356
15,30,1.0,714146da31e0afc82ac1606ae27920d6,1319.38,47,38.3,1.0705,40.1586,0.1006
10,30,1.0,714146da31e0afc82ac1606ae27920d6,1317.95,55,34.55,0.9406,43.6578,0.0928
15,25,1.0,714146da31e0afc82ac1606ae27920d6,1308.26,46,36.96,1.0767,39.9269,0.1
10,25,1.0,714146da31e0afc82ac1606ae27920d6,1305.07,54,35.19,0.9408,43.4585,0.0918
5,14,1.0,714146da31e0afc82ac1606ae27920d6,1304.41,72,34.72,0.8681,42.0436,0.0795
25,25,2.0,714146da31e0afc82ac1606ae27920d6,1301.19,22,40.91,1.9128,27.6115,0.1496
10,7,1.5,714146da31e0afc82ac1606ae27920d6,1301.04,38,34.21,1.4843,45.0891,0.1081
30,20,1.0,714146da31e0afc82ac1606ae27920d6,1283.7,33,39.39,1.0203,20.8612,0.1346
15,14,1.5,714146da31e0afc82ac1606ae27920d6,1282.19,33,33.33,1.5962,35.3745,0.1126
5,25,1.5,714146da31e0afc82ac1606ae27920d6,1269.98,51,35.29,1.3315,51.3309,0.0918
25,20,2.0,714146da31e0afc82ac1606ae27920d6,1268.64,22,40.91,1.783,27.331,0.1409
15,30,4.0,714146da31e0afc82ac1606ae27920d6,1267.23,13,38.46,4.9149,50.5866,0.1799
5,20,1.5,714146da31e0afc82ac1606ae27920d6,1264.94,51,35.29,1.3136,50.6761,0.0912
5,7,1.5,714146da31e0afc82ac1606ae27920d6,1260.31,51,37.25,1.2772,50.5421,0.0904
30,10,1.0,714146da31e0afc82ac1606ae27920d6,1259.95,32,40.62,0.9912,21.8017,0.1297
30,14,1.0,714146da31e0afc82ac1606ae27920d6,1250.27,33,42.42,0.9363,20.9883,0.1245
30,7,1.5,714146da31e0afc82ac1606ae27920d6,1247.56,22,50.0,1.4806,17.6912,0.1439
15,25,4.0,714146da31e0afc82ac1606ae27920d6,1245.47,13,38.46,4.6876,50.7799,0.1746
8,10,1.0,714146da31e0afc82ac1606ae27920d6,1240.88,58,36.21,0.7204,44.4006,0.0805
15,7,4.0,714146da31e0afc82ac1606ae27920d6,1234.07,14,35.71,5.2839,54.4809,0.1621
15,25,1.5,714146da31e0afc82ac1606ae27920d6,1232.85,34,32.35,1.4748,41.1176,0.1028
12,20,1.0,714146da31e0afc82ac1606ae27920d6,1232.2,49,38.78,0.9049,43.167,0.0854
30,7,1.0,714146da31e0afc82ac1606ae27920d6,1231.11,31,41.94,0.937,22.0998,0.1232
15,14,4.0,714146da31e0afc82ac1606ae27920d6,1230.48,13,38.46,6.2987,55.0948,0.1725
12,14,1.0,714146da31e0afc82ac1606ae27920d6,1228.66,49,38.78,0.8963,42.7075,0.0849
8,7,1.5,714146da31e0afc82ac1606ae27920d6,1224.21,43,37.21,1.2273,48.1464,0.0913
30,14,1.5,714146da31e0afc82ac1606ae27920d6,1220.06,23,43.48,1.3426,18.354,0.1303
30,25,1.5,714146da31e0afc82ac1606ae27920d6,1213.54,24,41.67,1.2976,19.648,0.124
15,20,1.5,714146da31e0afc82ac1606ae27920d6,1213.12,34,32.35,1.418,40.7858,0.0995
15,7,1.5,714146da31e0afc82ac1606ae27920d6,1212.49,33,39.39,1.4059,42.8634,0.1004
20,30,2.0,714146da31e0afc82ac1606ae27920d6,1211.98,24,37.5,1.5991,32.2659,0.1172
15,20,4.0,714146da31e0afc82ac1606ae27920d6,1202.45,13,30.77,6.4491,56.8863,0.1697
5,20,1.0,714146da31e0afc82ac1606ae27920d6,1198.23,73,34.25,0.7354,42.6611,0.068
20,25,2.0,714146da31e0afc82ac1606ae27920d6,1188.16,24,37.5,1.5083,31.9547,0.1111
30,7,3.0,714146da31e0afc82ac1606ae27920d6,1187.65,13,38.46,2.7095,34.8091,0.1488
30,30,1.0,714146da31e0afc82ac1606ae27920d6,1185.73,35,37.14,0.7373,25.788,0.0994
12,7,3.0,714146da31e0afc82ac1606ae27920d6,1185.36,20,30.0,2.9767,49.212,0.129
30,20,1.5,714146da31e0afc82ac1606ae27920d6,1183.41,24,41.67,1.1855,19.36,0.1141
10,10,1.0,714146da31e0afc82ac1606ae27920d6,1179.06,53,35.85,0.6524,42.5006,0.074
12,14,1.5,714146da31e0afc82ac1606ae27920d6,1176.0,35,31.43,1.3249,38.0631,0.0922
15,30,1.5,714146da31e0afc82ac1606ae27920d6,1173.08,35,31.43,1.3015,41.3598,0.0914
30,25,1.0,714146da31e0afc82ac1606ae27920d6,1171.66,34,35.29,0.7255,26.2062,0.0961
30,10,1.5,714146da31e0afc82ac1606ae27920d6,1171.55,23,43.48,1.1477,17.7516,0.1135
20,10,1.0,714146da31e0afc82ac1606ae27920d6,1165.98,38,39.47,0.7018,31.976,0.0863
15,10,1.0,714146da31e0afc82ac1606ae27920d6,1165.65,45,37.78,0.7107,38.9258,0.0774
25,7,1.0,714146da31e0afc82ac1606ae27920d6,1160.65,35,40.0,0.7206,29.509,0.0889
30,30,1.5,714146da31e0afc82ac1606ae27920d6,1158.47,25,40.0,1.0732,25.0134,0.1031
20,20,2.0,714146da31e0afc82ac1606ae27920d6,1156.87,24,37.5,1.3838,31.6069,0.1028
8,7,3.0,714146da31e0afc82ac1606ae27920d6,1150.97,23,26.09,2.5956,51.8556,0.1159
25,10,3.0,714146da31e0afc82ac1606ae27920d6,1149.45,15,40.0,2.1114,32.4423,0.1279
12,7,1.5,714146da31e0afc82ac1606ae27920d6,1144.64,35,37.14,1.2193,44.9783,0.0863
20,7,1.0,714146da31e0afc82ac1606ae27920d6,1143.4,37,40.54,0.6573,32.6188,0.0812
10,7,1.0,714146da31e0afc82ac1606ae27920d6,1139.09,53,35.85,0.5771,42.7221,0.0665
15,10,4.0,714146da31e0afc82ac1606ae27920d6,1135.76,14,35.71,4.8836,58.3722,0.1455
10,14,1.5,714146da31e0afc82ac1606ae27920d6,1123.21,40,30.0,1.0635,38.1268,0.0783
12,30,1.0,714146da31e0afc82ac1606ae27920d6,1122.15,51,35.29,0.6887,43.6579,0.066
8,7,1.0,714146da31e0afc82ac1606ae27920d6,1119.2,59,35.59,0.5064,44.3068,0.0599
15,7,1.0,714146da31e0afc82ac1606ae27920d6,1115.75,45,40.0,0.6041,39.183,0.0666
12,25,1.0,714146da31e0afc82ac1606ae27920d6,1113.97,50,36.0,0.6888,43.4513,0.0653
12,25,1.5,714146da31e0afc82ac1606ae27920d6,1110.92,36,30.56,1.1752,43.5178,0.0807
12,10,3.5,714146da31e0afc82ac1606ae27920d6,1109.81,16,31.25,4.6816,59.3381,0.1364
5,10,1.5,714146da31e0afc82ac1606ae27920d6,1109.05,52,34.62,0.9983,51.5339,0.0718
25,25,3.0,714146da31e0afc82ac1606ae27920d6,1106.9,17,41.18,1.4967,35.7309,0.1045
15,10,1.5,714146da31e0afc82ac1606ae27920d6,1105.69,34,35.29,1.1038,43.1519,0.0796
15,30,2.0,714146da31e0afc82ac1606ae27920d6,1104.17,29,34.48,1.2922,45.9147,0.086
20,14,2.0,714146da31e0afc82ac1606ae27920d6,1101.27,24,37.5,1.1497,31.278,0.0872
20,30,3.5,714146da31e0afc82ac1606ae27920d6,1101.02,15,40.0,2.3039,42.2322,0.1153
12,20,1.5,714146da31e0afc82ac1606ae27920d6,1099.7,36,30.56,1.1357,43.2314,0.0785
25,14,2.0,714146da31e0afc82ac1606ae27920d6,1098.66,23,39.13,1.0693,33.6265,0.0871
5,30,1.0,714146da31e0afc82ac1606ae27920d6,1096.83,75,33.33,0.5968,43.2025,0.056
20,30,3.0,714146da31e0afc82ac1606ae27920d6,1089.19,18,38.89,1.5106,38.8518,0.0978
12,7,3.5,714146da31e0afc82ac1606ae27920d6,1086.85,17,29.41,4.1382,60.2593,0.127
5,25,1.0,714146da31e0afc82ac1606ae27920d6,1084.78,74,32.43,0.5921,42.9915,0.055
15,25,2.0,714146da31e0afc82ac1606ae27920d6,1082.74,29,34.48,1.2178,45.9617,0.0814
25,20,3.0,714146da31e0afc82ac1606ae27920d6,1078.1,17,35.29,1.3157,35.0907,0.0931
5,10,1.0,714146da31e0afc82ac1606ae27920d6,1076.81,72,34.72,0.4731,41.5459,0.0514
10,10,1.5,714146da31e0afc82ac1606ae27920d6,1075.91,40,32.5,0.9338,45.5279,0.0698
30,30,2.0,714146da31e0afc82ac1606ae27920d6,1073.37,21,42.86,0.8488,27.2109,0.0794
20,25,3.5,714146da31e0afc82ac1606ae27920d6,1069.01,15,40.0,2.0763,42.4972,0.105
10,25,1.5,714146da31e0afc82ac1606ae27920d6,1064.43,41,29.27,0.9462,43.5283,0.0686
15,20,2.0,714146da31e0afc82ac1606ae27920d6,1060.49,29,34.48,1.132,45.7541,0.0763
30,25,2.0,714146da31e0afc82ac1606ae27920d6,1053.54,21,42.86,0.751,26.6375,0.0709
12,30,1.5,714146da31e0afc82ac1606ae27920d6,1052.79,37,29.73,1.0102,43.7221,0.0698
10,20,1.5,714146da31e0afc82ac1606ae27920d6,1051.19,41,29.27,0.906,43.2582,0.0661
25,10,2.0,714146da31e0afc82ac1606ae27920d6,1048.41,23,39.13,0.8321,33.314,0.0697
20,10,2.0,714146da31e0afc82ac1606ae27920d6,1045.56,24,37.5,0.8999,31.4589,0.07
5,7,1.0,714146da31e0afc82ac1606ae27920d6,1043.12,72,34.72,0.3815,46.0191,0.0451
8,14,1.5,714146da31e0afc82ac1606ae27920d6,1038.79,45,33.33,0.8243,42.46,0.062
12,10,1.5,714146da31e0afc82ac1606ae27920d6,1027.91,36,33.33,0.9008,45.441,0.0642
30,20,2.0,714146da31e0afc82ac1606ae27920d6,1025.27,21,42.86,0.6101,25.963,0.0583
15,10,3.0,714146da31e0afc82ac1606ae27920d6,1023.46,20,35.0,1.6833,43.005,0.0876
10,30,1.5,714146da31e0afc82ac1606ae27920d6,1012.45,42,28.57,0.8146,43.7226,0.0594
8,10,3.5,714146da31e0afc82ac1606ae27920d6,1010.8,19,26.32,3.6041,63.3662,0.1121
30,30,3.5,714146da31e0afc82ac1606ae27920d6,1007.79,13,46.15,1.2595,33.8954,0.075
10,30,2.0,714146da31e0afc82ac1606ae27920d6,1007.47,33,36.36,0.9809,50.6899,0.0653
12,10,1.0,714146da31e0afc82ac1606ae27920d6,1007.12,49,36.73,0.3733,42.8778,0.0413
5,7,3.0,714146da31e0afc82ac1606ae27920d6,1003.87,27,29.63,2.1449,57.6636,0.0924
8,10,1.5,714146da31e0afc82ac1606ae27920d6,1001.64,45,35.56,0.7227,48.9995,0.0552
10,25,2.0,714146da31e0afc82ac1606ae27920d6,990.02,33,36.36,0.92,50.456,0.0615
8,7,3.5,714146da31e0afc82ac1606ae27920d6,984.96,20,25.0,3.1902,64.2019,0.1037
30,25,3.5,714146da31e0afc82ac1606ae27920d6,983.88,13,46.15,1.0348,33.7937,0.0627
10,20,2.0,714146da31e0afc82ac1606ae27920d6,974.61,33,36.36,0.8575,49.8247,0.0578
8,25,1.5,714146da31e0afc82ac1606ae27920d6,974.25,46,32.61,0.7044,47.8778,0.0522
30,14,2.0,714146da31e0afc82ac1606ae27920d6,972.54,21,47.62,0.3394,25.0226,0.0331
12,7,1.0,714146da31e0afc82ac1606ae27920d6,971.09,49,36.73,0.2893,43.8102,0.0325
25,7,2.0,714146da31e0afc82ac1606ae27920d6,970.0,23,39.13,0.5358,33.6829,0.0434
5,30,1.5,714146da31e0afc82ac1606ae27920d6,967.93,55,32.73,0.7619,51.8412,0.0539
8,20,1.5,714146da31e0afc82ac1606ae27920d6,964.83,46,32.61,0.6741,47.5109,0.0502
10,7,3.0,714146da31e0afc82ac1606ae27920d6,963.81,22,27.27,1.8588,55.0192,0.0827
20,7,2.0,714146da31e0afc82ac1606ae27920d6,962.63,24,37.5,0.5958,32.3692,0.045
30,30,3.0,714146da31e0afc82ac1606ae27920d6,961.25,16,43.75,0.4098,30.1026,0.034
5,30,2.0,714146da31e0afc82ac1606ae27920d6,959.32,43,39.53,0.8961,61.3106,0.058
15,14,2.0,714146da31e0afc82ac1606ae27920d6,942.15,30,33.33,0.6751,44.6354,0.047
5,25,2.0,714146da31e0afc82ac1606ae27920d6,941.51,43,39.53,0.846,61.1789,0.055
15,10,2.0,714146da31e0afc82ac1606ae27920d6,933.42,30,33.33,0.5989,42.8225,0.0429
12,14,3.5,714146da31e0afc82ac1606ae27920d6,932.86,17,35.29,2.2365,62.9721,0.0885
20,10,3.0,714146da31e0afc82ac1606ae27920d6,930.46,17,35.29,0.8923,42.8983,0.0509
25,14,2.5,714146da31e0afc82ac1606ae27920d6,927.57,20,35.0,0.5523,34.6298,0.0378
25,14,3.0,714146da31e0afc82ac1606ae27920d6,926.76,17,35.29,0.4461,34.859,0.0313
5,20,2.0,714146da31e0afc82ac1606ae27920d6,926.66,43,41.86,0.7968,60.6908,0.0521
8,30,1.5,714146da31e0afc82ac1606ae27920d6,925.82,47,31.91,0.5902,48.1163,0.0439
12,30,2.0,714146da31e0afc82ac1606ae27920d6,921.49,31,32.26,0.7327,55.4761,0.0477
15,30,3.5,714146da31e0afc82ac1606ae27920d6,921.01,18,38.89,1.6575,54.748,0.0733
30,10,2.0,714146da31e0afc82ac1606ae27920d6,920.38,21,47.62,0.0588,24.2699,0.0059
12,25,2.0,714146da31e0afc82ac1606ae27920d6,908.21,31,32.26,0.6759,55.2323,0.0443
25,10,2.5,714146da31e0afc82ac1606ae27920d6,905.21,20,30.0,0.4062,33.8079,0.0282
15,25,3.5,714146da31e0afc82ac1606ae27920d6,899.44,18,38.89,1.4904,54.9309,0.0665
10,7,2.0,714146da31e0afc82ac1606ae27920d6,897.38,34,35.29,0.5245,41.9631,0.0372
12,20,2.0,714146da31e0afc82ac1606ae27920d6,896.67,31,32.26,0.6167,54.6501,0.0408
15,7,2.0,714146da31e0afc82ac1606ae27920d6,895.87,30,33.33,0.4825,40.7574,0.0341
12,20,3.5,714146da31e0afc82ac1606ae27920d6,891.94,17,35.29,2.189,65.6388,0.0831
20,25,3.0,714146da31e0afc82ac1606ae27920d6,891.58,19,36.84,0.4222,45.5773,0.0275
5,7,2.0,714146da31e0afc82ac1606ae27920d6,890.9,44,38.64,0.6374,54.675,0.0434
25,7,2.5,714146da31e0afc82ac1606ae27920d6,884.74,20,30.0,0.273,33.6637,0.0192
10,10,2.0,714146da31e0afc82ac1606ae27920d6,883.01,34,35.29,0.4723,45.2489,0.0337
10,14,2.0,714146da31e0afc82ac1606ae27920d6,876.96,34,35.29,0.4958,47.9063,0.0345
20,20,3.0,714146da31e0afc82ac1606ae27920d6,866.47,19,31.58,0.2492,45.2613,0.0164
25,20,2.5,714146da31e0afc82ac1606ae27920d6,859.82,21,38.1,0.089,35.1725,0.0066
10,10,3.5,714146da31e0afc82ac1606ae27920d6,858.85,18,27.78,2.8828,65.2712,0.0877
8,14,3.5,714146da31e0afc82ac1606ae27920d6,850.59,20,30.0,1.5729,66.8053,0.0653
30,7,2.0,714146da31e0afc82ac1606ae27920d6,848.85,21,47.62,-0.3063,25.479,-0.0301
10,7,3.5,714146da31e0afc82ac1606ae27920d6,838.74,19,26.32,2.4814,65.9888,0.0792
8,30,2.0,714146da31e0afc82ac1606ae27920d6,833.34,38,31.58,0.4211,61.2595,0.0289
15,30,3.0,714146da31e0afc82ac1606ae27920d6,829.31,22,36.36,0.5191,42.6221,0.0292
12,7,4.0,714146da31e0afc82ac1606ae27920d6,829.01,16,31.25,2.5233,64.0302,0.0783
30,10,3.0,714146da31e0afc82ac1606ae27920d6,824.93,15,40.0,-0.3503,36.1383,-0.0242
8,7,2.0,714146da31e0afc82ac1606ae27920d6,822.16,38,34.21,0.3007,53.9197,0.0217
8,25,2.0,714146da31e0afc82ac1606ae27920d6,818.26,38,31.58,0.3667,61.0954,0.0253
12,10,2.0,714146da31e0afc82ac1606ae27920d6,817.23,32,31.25,0.2257,50.5775,0.0159
8,20,3.5,714146da31e0afc82ac1606ae27920d6,814.13,20,30.0,1.5313,69.3879,0.0612
12,14,2.0,714146da31e0afc82ac1606ae27920d6,809.64,32,31.25,0.247,52.9374,0.0169
8,20,2.0,714146da31e0afc82ac1606ae27920d6,805.11,38,31.58,0.3116,60.5788,0.0216
20,14,2.5,714146da31e0afc82ac1606ae27920d6,804.75,22,31.82,0.0168,39.5938,0.0011
12,7,2.0,714146da31e0afc82ac1606ae27920d6,801.06,32,31.25,0.1743,47.9435,0.0122
25,30,2.5,714146da31e0afc82ac1606ae27920d6,798.42,22,40.91,-0.3,35.8178,-0.0236
5,7,2.5,714146da31e0afc82ac1606ae27920d6,795.1,36,33.33,0.5442,58.2262,0.0324
30,25,3.0,714146da31e0afc82ac1606ae27920d6,790.45,17,41.18,-0.7056,39.2425,-0.0583
15,14,3.0,714146da31e0afc82ac1606ae27920d6,789.25,22,31.82,0.1935,47.1338,0.0113
20,10,2.5,714146da31e0afc82ac1606ae27920d6,788.69,22,27.27,-0.1012,38.7506,-0.0067
25,25,2.5,714146da31e0afc82ac1606ae27920d6,781.0,22,36.36,-0.4107,35.4945,-0.0326
30,14,2.5,714146da31e0afc82ac1606ae27920d6,773.92,19,36.84,-0.6808,32.8633,-0.0564
20,7,2.5,714146da31e0afc82ac1606ae27920d6,773.72,22,27.27,-0.2104,38.6204,-0.0142
15,20,2.5,714146da31e0afc82ac1606ae27920d6,771.2,27,33.33,0.0994,48.2825,0.0063
30,20,3.0,714146da31e0afc82ac1606ae27920d6,770.42,17,35.29,-0.882,38.6369,-0.0745
5,10,2.5,714146da31e0afc82ac1606ae27920d6,769.82,36,33.33,0.4812,60.7321,0.0284
15,7,2.5,714146da31e0afc82ac1606ae27920d6,768.6,26,23.08,0.1075,49.3745,0.0066
12,10,3.0,714146da31e0afc82ac1606ae27920d6,759.5,22,31.82,0.373,53.8563,0.0191
8,10,3.0,714146da31e0afc82ac1606ae27920d6,759.32,25,28.0,0.4085,56.2588,0.0217
30,10,2.5,714146da31e0afc82ac1606ae27920d6,755.32,19,31.58,-0.8325,33.8281,-0.0703
12,14,4.0,714146da31e0afc82ac1606ae27920d6,754.64,15,33.33,2.76,67.1103,0.0763
5,10,2.0,714146da31e0afc82ac1606ae27920d6,754.01,45,40.0,0.258,57.1224,0.0178
15,10,2.5,714146da31e0afc82ac1606ae27920d6,749.21,26,23.08,0.0517,52.0722,0.0031
20,14,3.0,714146da31e0afc82ac1606ae27920d6,746.28,19,31.58,-0.5229,45.1373,-0.0345
20,20,2.5,714146da31e0afc82ac1606ae27920d6,744.79,23,34.78,-0.3876,40.2726,-0.0271
5,14,2.0,714146da31e0afc82ac1606ae27920d6,743.91,45,40.0,0.2645,59.1956,0.0178
30,7,2.5,714146da31e0afc82ac1606ae27920d6,742.61,19,31.58,-0.9432,34.2096,-0.0811
8,7,2.5,714146da31e0afc82ac1606ae27920d6,741.59,32,25.0,0.1126,55.2436,0.0072
5,14,2.5,714146da31e0afc82ac1606ae27920d6,740.67,36,36.11,0.409,63.1179,0.0238
12,30,4.0,714146da31e0afc82ac1606ae27920d6,740.35,15,33.33,1.3429,66.4826,0.0478
8,7,4.0,714146da31e0afc82ac1606ae27920d6,739.93,18,27.78,1.7644,69.9661,0.0569
12,25,4.0,714146da31e0afc82ac1606ae27920d6,736.8,15,33.33,1.1982,66.0943,0.0435
15,14,2.5,714146da31e0afc82ac1606ae27920d6,735.36,26,26.92,0.0243,54.2083,0.0014
8,10,2.0,714146da31e0afc82ac1606ae27920d6,731.96,39,33.33,0.0001,56.768,0.0
12,10,4.0,714146da31e0afc82ac1606ae27920d6,727.28,16,31.25,1.9428,68.3077,0.0584
10,14,3.5,714146da31e0afc82ac1606ae27920d6,725.16,19,31.58,0.8075,68.4256,0.033
8,14,2.0,714146da31e0afc82ac1606ae27920d6,724.12,39,30.77,0.0102,59.0141,0.0007
30,20,2.5,714146da31e0afc82ac1606ae27920d6,719.53,20,40.0,-1.0943,35.0667,-0.101
15,25,3.0,714146da31e0afc82ac1606ae27920d6,715.7,23,34.78,-0.1354,48.9991,-0.0078
15,30,2.5,714146da31e0afc82ac1606ae27920d6,713.28,28,35.71,-0.2321,48.5281,-0.0155
12,20,4.0,714146da31e0afc82ac1606ae27920d6,709.56,15,26.67,2.709,69.6429,0.0719
8,10,2.5,714146da31e0afc82ac1606ae27920d6,708.06,32,25.0,0.0049,58.386,0.0003
15,20,3.0,714146da31e0afc82ac1606ae27920d6,700.0,23,30.43,-0.2529,48.6667,-0.0147
10,20,3.5,714146da31e0afc82ac1606ae27920d6,697.8,19,31.58,0.7918,70.7255,0.0312
15,25,2.5,714146da31e0afc82ac1606ae27920d6,696.29,28,32.14,-0.325,48.5456,-0.0218
20,30,2.5,714146da31e0afc82ac1606ae27920d6,695.07,24,37.5,-0.7084,43.2267,-0.0525
8,14,2.5,714146da31e0afc82ac1606ae27920d6,680.92,32,28.12,-0.0765,61.1087,-0.0047
20,25,2.5,714146da31e0afc82ac1606ae27920d6,677.71,24,33.33,-0.8219,43.3793,-0.0614
5,10,3.0,714146da31e0afc82ac1606ae27920d6,674.68,29,31.03,0.302,60.9654,0.0153
5,20,2.5,714146da31e0afc82ac1606ae27920d6,672.27,37,37.84,0.0638,65.6251,0.0039
30,30,2.5,714146da31e0afc82ac1606ae27920d6,670.53,21,42.86,-1.3716,39.0632,-0.1294
10,7,2.5,714146da31e0afc82ac1606ae27920d6,667.43,30,26.67,-0.2462,53.5194,-0.0154
5,7,3.5,714146da31e0afc82ac1606ae27920d6,665.65,24,20.83,1.653,70.3272,0.0538
30,14,3.0,714146da31e0afc82ac1606ae27920d6,663.31,17,35.29,-1.7417,38.4183,-0.147
10,7,4.0,714146da31e0afc82ac1606ae27920d6,656.05,17,29.41,1.1814,70.2894,0.0371
30,25,2.5,714146da31e0afc82ac1606ae27920d6,654.98,21,38.1,-1.4925,39.1158,-0.1424
8,10,4.0,714146da31e0afc82ac1606ae27920d6,650.21,18,27.78,1.2336,73.5273,0.0387
12,7,2.5,714146da31e0afc82ac1606ae27920d6,649.99,28,25.0,-0.4029,56.7206,-0.0247
8,30,4.0,714146da31e0afc82ac1606ae27920d6,638.39,18,33.33,0.6744,71.651,0.0246
5,10,3.5,714146da31e0afc82ac1606ae27920d6,636.53,23,21.74,1.6144,71.5202,0.0506
10,10,2.5,714146da31e0afc82ac1606ae27920d6,634.4,30,26.67,-0.3712,56.9756,-0.0228
8,25,4.0,714146da31e0afc82ac1606ae27920d6,631.66,18,33.33,0.5245,71.353,0.0195
8,14,4.0,714146da31e0afc82ac1606ae27920d6,627.02,18,27.78,1.4039,72.6847,0.0419
8,30,3.0,714146da31e0afc82ac1606ae27920d6,621.29,27,33.33,-0.3891,59.4134,-0.022
10,10,3.0,714146da31e0afc82ac1606ae27920d6,619.02,24,29.17,-0.4281,59.201,-0.0225
12,10,2.5,714146da31e0afc82ac1606ae27920d6,616.6,28,25.0,-0.5372,59.8853,-0.0323
12,30,3.5,714146da31e0afc82ac1606ae27920d6,610.63,20,35.0,-0.1899,67.5854,-0.0082
10,14,2.5,714146da31e0afc82ac1606ae27920d6,609.73,30,30.0,-0.457,59.8153,-0.0276
12,20,2.5,714146da31e0afc82ac1606ae27920d6,606.63,29,34.48,-0.6006,58.547,-0.0374
12,25,3.5,714146da31e0afc82ac1606ae27920d6,602.52,20,35.0,-0.3061,67.3008,-0.0134
5,30,2.5,714146da31e0afc82ac1606ae27920d6,600.19,38,34.21,-0.2737,66.7087,-0.0173
8,14,3.0,714146da31e0afc82ac1606ae27920d6,597.62,27,29.63,-0.6385,60.6186,-0.0377
12,30,3.0,714146da31e0afc82ac1606ae27920d6,597.41,24,37.5,-0.6602,56.7193,-0.0362
8,20,2.5,714146da31e0afc82ac1606ae27920d6,597.03,33,30.3,-0.5377,63.4811,-0.0349
5,25,2.5,714146da31e0afc82ac1606ae27920d6,591.41,38,34.21,-0.3238,66.3186,-0.0206
12,14,3.0,714146da31e0afc82ac1606ae27920d6,591.38,24,33.33,-0.8409,58.3351,-0.0483
12,14,2.5,714146da31e0afc82ac1606ae27920d6,590.78,28,28.57,-0.6344,62.4926,-0.0374
8,20,4.0,714146da31e0afc82ac1606ae27920d6,589.5,18,27.78,1.3521,75.004,0.0388
10,10,4.0,714146da31e0afc82ac1606ae27920d6,574.88,17,29.41,0.6241,73.8852,0.019
8,30,2.5,714146da31e0afc82ac1606ae27920d6,563.79,34,29.41,-0.7241,64.7034,-0.0489
10,30,4.0,714146da31e0afc82ac1606ae27920d6,557.06,17,35.29,-0.318,72.3999,-0.0118
10,14,4.0,714146da31e0afc82ac1606ae27920d6,556.52,17,29.41,0.8373,72.9499,0.0243
8,25,2.5,714146da31e0afc82ac1606ae27920d6,555.12,34,29.41,-0.7809,64.2503,-0.0531
12,30,2.5,714146da31e0afc82ac1606ae27920d6,551.58,30,33.33,-0.9301,61.7606,-0.0604
8,30,3.5,714146da31e0afc82ac1606ae27920d6,551.53,23,30.43,-0.5282,71.9187,-0.0239
5,14,3.5,714146da31e0afc82ac1606ae27920d6,550.91,24,25.0,0.0984,73.9679,0.0039
10,25,4.0,714146da31e0afc82ac1606ae27920d6,550.85,17,35.29,-0.4767,72.1273,-0.018
8,25,3.5,714146da31e0afc82ac1606ae27920d6,542.89,23,30.43,-0.6364,71.6241,-0.0292
12,25,2.5,714146da31e0afc82ac1606ae27920d6,542.02,30,33.33,-1.0004,61.5395,-0.0654
10,20,2.5,714146da31e0afc82ac1606ae27920d6,536.06,31,32.26,-0.9246,62.1639,-0.0588
8,25,3.0,714146da31e0afc82ac1606ae27920d6,535.01,28,32.14,-0.9069,63.805,-0.0525
5,14,3.0,714146da31e0afc82ac1606ae27920d6,534.39,31,32.26,-0.6011,64.6073,-0.0333
8,20,3.0,714146da31e0afc82ac1606ae27920d6,529.33,28,28.57,-0.9724,62.7523,-0.0569
5,30,3.0,714146da31e0afc82ac1606ae27920d6,529.16,31,29.03,-0.5297,66.1826,-0.0283
10,20,4.0,714146da31e0afc82ac1606ae27920d6,527.18,17,29.41,0.8266,75.0595,0.0231
5,20,3.5,714146da31e0afc82ac1606ae27920d6,527.15,24,25.0,0.0654,75.893,0.0025
12,25,3.0,714146da31e0afc82ac1606ae27920d6,515.47,25,36.0,-1.2229,61.4587,-0.0686
5,30,4.0,714146da31e0afc82ac1606ae27920d6,513.82,21,28.57,0.0719,69.8087,0.0026
12,20,3.0,714146da31e0afc82ac1606ae27920d6,510.82,25,32.0,-1.2921,60.4356,-0.0734
10,30,3.0,714146da31e0afc82ac1606ae27920d6,507.41,26,34.62,-1.1831,61.7501,-0.0665
5,25,4.0,714146da31e0afc82ac1606ae27920d6,501.21,21,28.57,-0.1067,70.0327,-0.0039
5,25,3.0,714146da31e0afc82ac1606ae27920d6,495.3,32,28.12,-0.7331,67.3099,-0.0401
5,7,4.0,714146da31e0afc82ac1606ae27920d6,492.09,21,23.81,0.3011,73.4454,0.0096
10,30,2.5,714146da31e0afc82ac1606ae27920d6,491.05,32,31.25,-1.2028,65.0528,-0.0797
5,20,3.0,714146da31e0afc82ac1606ae27920d6,490.82,32,31.25,-0.7882,66.4114,-0.0435
10,14,3.0,714146da31e0afc82ac1606ae27920d6,483.82,26,30.77,-1.4758,63.2107,-0.0865
10,30,3.5,714146da31e0afc82ac1606ae27920d6,482.93,22,31.82,-1.1392,72.3309,-0.051
10,25,2.5,714146da31e0afc82ac1606ae27920d6,480.73,32,31.25,-1.2793,64.8956,-0.0853
10,25,3.5,714146da31e0afc82ac1606ae27920d6,473.9,22,31.82,-1.2658,72.1266,-0.0573
5,14,4.0,714146da31e0afc82ac1606ae27920d6,456.3,21,23.81,0.3277,73.412,0.0098
5,10,4.0,714146da31e0afc82ac1606ae27920d6,449.3,21,23.81,-0.0201,75.4987,-0.0006
5,20,4.0,714146da31e0afc82ac1606ae27920d6,447.08,21,23.81,0.4303,74.5137,0.0125
10,25,3.0,714146da31e0afc82ac1606ae27920d6,435.81,27,33.33,-1.6998,65.978,-0.0978
10,20,3.0,714146da31e0afc82ac1606ae27920d6,429.94,27,29.63,-1.7782,65.0899,-0.1035
5,30,3.5,714146da31e0afc82ac1606ae27920d6,353.44,27,25.93,-1.5928,77.9696,-0.0693
5,25,3.5,714146da31e0afc82ac1606ae27920d6,348.28,27,25.93,-1.6824,77.7838,-0.0739
