donchian_len,atr_mult,sma,final_eq,n_trades,win_rate,avg_ret,max_dd,sharpe
30,2.0,SMA200,875.65,34,29.41,-0.3798,13.053,-0.2633
30,3.5,SMA250,863.59,24,25.0,-0.5928,14.88,-0.32
30,3.5,SMA200,862.19,25,28.0,-0.5755,15.018,-0.3157
30,2.5,SMA200,859.69,30,33.33,-0.487,14.031,-0.2692
10,3.5,SMA250,859.36,28,28.57,-0.5216,17.186,-0.2676
15,2.5,SMA200,854.14,36,33.33,-0.4224,16.193,-0.2432
10,2.5,SMA250,854.13,39,33.33,-0.3877,16.6602,-0.2143
30,2.0,SMA250,853.04,35,25.71,-0.4439,15.298,-0.3217
30,2.5,SMA250,845.09,30,30.0,-0.5443,15.491,-0.3057
15,2.5,SMA250,845.05,36,33.33,-0.4524,16.932,-0.2638
15,3.5,SMA250,840.89,27,25.93,-0.624,17.395,-0.3444
15,3.5,SMA200,834.15,28,28.57,-0.6301,18.208,-0.3515
30,3.5,no_filter,833.72,33,30.3,-0.5287,20.5839,-0.2539
10,2.5,SMA200,831.29,41,31.71,-0.4336,18.917,-0.2381
30,2.0,SMA150,831.25,36,25.0,-0.5019,16.875,-0.3452
10,3.5,SMA200,830.04,30,30.0,-0.6007,20.158,-0.3081
30,3.5,SMA50,826.4,33,30.3,-0.5561,20.8652,-0.2729
30,3.0,SMA200,824.7,28,25.0,-0.6709,17.53,-0.3784
30,3.0,SMA250,823.43,27,18.52,-0.7015,17.657,-0.3907
10,3.0,SMA250,823.26,34,23.53,-0.5539,19.63,-0.2993
30,3.0,no_filter,819.07,36,25.0,-0.5346,21.0185,-0.275
30,2.0,no_filter,818.81,49,22.45,-0.3936,23.2434,-0.2356
20,3.5,SMA250,817.6,27,25.93,-0.7268,19.414,-0.3943
20,2.5,SMA200,816.99,36,33.33,-0.5455,18.729,-0.3156
20,3.5,SMA200,816.27,28,28.57,-0.7065,19.544,-0.3886
15,2.0,SMA200,816.13,45,26.67,-0.4418,18.897,-0.3298
15,3.0,SMA250,815.6,32,21.88,-0.6207,20.139,-0.3606
30,3.5,SMA150,812.84,26,30.77,-0.7779,18.716,-0.4274
15,2.0,SMA250,812.65,46,26.09,-0.442,19.094,-0.3441
30,2.0,SMA100,812.04,45,24.44,-0.4511,21.0216,-0.3063
30,3.0,SMA50,811.88,36,25.0,-0.5599,21.299,-0.2954
15,3.0,SMA200,811.63,33,27.27,-0.6165,20.675,-0.3618
30,2.0,SMA50,811.63,49,22.45,-0.4121,23.5165,-0.2522
20,2.0,SMA200,811.61,42,28.57,-0.4862,18.839,-0.3462
30,2.5,SMA150,807.25,32,28.12,-0.6511,19.275,-0.3592
30,2.5,no_filter,805.59,41,26.83,-0.5063,22.8199,-0.2519
30,3.5,SMA100,805.34,31,29.03,-0.6793,20.8783,-0.3658
30,2.5,SMA100,805.17,38,28.95,-0.5529,21.5876,-0.3066
20,2.5,SMA250,803.12,36,30.56,-0.5932,20.109,-0.3486
10,2.0,SMA250,801.49,53,26.42,-0.4061,21.1077,-0.2752
10,3.0,SMA200,800.9,36,27.78,-0.5985,21.958,-0.3252
30,2.5,SMA50,798.52,41,26.83,-0.5284,23.0935,-0.2677
10,2.0,SMA200,796.31,53,26.42,-0.4176,21.046,-0.2746
10,3.5,no_filter,795.61,54,33.33,-0.3957,27.5164,-0.1685
15,2.5,SMA150,791.78,39,33.33,-0.5813,22.311,-0.3242
20,2.0,SMA250,790.66,43,25.58,-0.5359,20.934,-0.3971
15,2.0,SMA150,786.16,47,25.53,-0.5012,21.384,-0.3608
30,3.0,SMA100,785.84,34,23.53,-0.6904,23.134,-0.3807
20,2.0,SMA150,782.14,44,25.0,-0.5472,21.786,-0.3868
30,3.0,SMA150,781.42,29,24.14,-0.8309,21.858,-0.4561
20,3.0,SMA200,780.29,33,27.27,-0.7349,22.683,-0.431
15,2.5,SMA100,780.15,44,31.82,-0.547,24.1226,-0.3044
20,2.5,SMA100,779.33,43,32.56,-0.5632,24.104,-0.3208
20,3.0,SMA250,779.1,32,21.88,-0.7627,22.801,-0.443
20,2.5,SMA150,777.62,38,31.58,-0.645,22.646,-0.3699
10,3.0,no_filter,768.13,63,30.16,-0.395,27.974,-0.1824
20,2.0,SMA100,766.95,52,25.0,-0.4988,25.407,-0.3453
15,3.0,SMA50,765.08,46,23.91,-0.5635,25.8356,-0.3022
20,3.0,SMA50,761.9,45,24.44,-0.5868,26.1439,-0.3261
20,3.5,SMA150,761.81,30,30.0,-0.8869,23.819,-0.4905
15,2.5,no_filter,758.06,63,26.98,-0.4201,29.5827,-0.2143
15,2.0,SMA100,757.9,55,23.64,-0.4929,26.367,-0.348
15,3.0,no_filter,757.62,56,26.79,-0.4744,26.8376,-0.2337
10,3.0,SMA50,755.0,49,22.45,-0.5546,26.8127,-0.294
10,2.5,SMA100,754.88,49,30.61,-0.5552,27.2993,-0.2964
15,3.0,SMA150,753.68,35,25.71,-0.7886,24.95,-0.4327
15,3.5,SMA50,752.85,41,24.39,-0.6697,26.7106,-0.3276
20,3.5,SMA100,752.81,35,25.71,-0.7917,26.0392,-0.432
20,3.5,SMA50,751.65,40,25.0,-0.6919,26.6619,-0.3466
20,3.0,SMA100,750.88,39,25.64,-0.717,26.5535,-0.4095
10,3.5,SMA50,749.98,43,23.26,-0.6462,26.8248,-0.3129
15,3.5,SMA150,748.83,31,29.03,-0.9116,25.305,-0.486
20,3.0,SMA150,748.61,34,26.47,-0.8329,25.139,-0.4726
15,3.0,SMA100,747.02,40,25.0,-0.7106,26.9311,-0.3937
20,3.0,no_filter,745.89,51,27.45,-0.556,27.8218,-0.2955
15,3.5,no_filter,745.01,50,26.0,-0.5632,29.2523,-0.2548
10,2.5,no_filter,744.76,74,28.38,-0.3778,30.7249,-0.188
10,2.5,SMA50,744.53,57,22.81,-0.4989,28.2934,-0.2644
15,2.5,SMA50,744.17,53,24.53,-0.5383,28.328,-0.2826
20,3.5,no_filter,742.34,45,28.89,-0.6392,27.4719,-0.3096
15,2.0,SMA50,741.78,65,23.08,-0.4465,29.363,-0.2846
15,2.0,no_filter,737.06,78,23.08,-0.3763,32.2604,-0.2214
15,3.5,SMA100,731.24,36,25.0,-0.8482,28.1584,-0.4472
20,2.0,SMA50,728.39,62,22.58,-0.4977,30.0849,-0.315
10,2.5,SMA150,726.33,45,28.89,-0.6915,28.139,-0.3742
20,2.5,SMA50,720.93,52,25.0,-0.6104,30.5663,-0.3274
20,2.0,no_filter,717.5,69,23.19,-0.4672,31.6738,-0.2881
20,2.5,no_filter,715.13,58,25.86,-0.5597,31.4576,-0.3014
10,3.0,SMA100,713.38,44,25.0,-0.7467,30.5707,-0.3889
10,2.0,SMA150,712.92,57,22.81,-0.5807,29.388,-0.383
10,2.0,SMA100,712.21,65,24.62,-0.5091,30.8574,-0.3289
10,2.0,SMA50,706.81,75,22.67,-0.4494,32.1562,-0.2839
10,3.5,SMA100,700.04,39,25.64,-0.8901,31.9644,-0.4375
10,2.0,no_filter,698.57,97,26.8,-0.354,35.0789,-0.2003
10,3.0,SMA150,696.9,39,23.08,-0.9034,31.082,-0.466
10,3.5,SMA150,694.14,34,26.47,-1.0478,32.342,-0.5139
