donchian_len,atr_len,atr_mult,csv_md5,final_eq,n_trades,win_rate,avg_ret,max_dd,sharpe
30,25,3.0,4c259467e927290e346f667b39a665db,861.23,34,29.41,-0.4182,17.1562,-0.204
30,10,3.5,4c259467e927290e346f667b39a665db,859.99,32,31.25,-0.4503,20.5332,-0.2208
30,14,1.0,4c259467e927290e346f667b39a665db,858.67,71,29.58,-0.2085,17.7498,-0.1894
30,10,1.0,4c259467e927290e346f667b39a665db,852.28,71,28.17,-0.2191,18.3172,-0.2019
30,7,1.0,4c259467e927290e346f667b39a665db,850.24,71,26.76,-0.2211,18.9447,-0.1832
30,20,3.5,4c259467e927290e346f667b39a665db,849.13,32,31.25,-0.4873,19.4234,-0.2257
25,10,3.5,4c259467e927290e346f667b39a665db,842.77,35,28.57,-0.4695,18.8111,-0.2422
30,20,1.0,4c259467e927290e346f667b39a665db,842.2,72,29.17,-0.2323,19.3919,-0.2107
30,30,2.0,4c259467e927290e346f667b39a665db,839.56,47,25.53,-0.3578,22.6132,-0.2137
10,7,4.0,4c259467e927290e346f667b39a665db,838.84,48,33.33,-0.3392,25.672,-0.1458
30,7,4.0,4c259467e927290e346f667b39a665db,838.38,29,27.59,-0.5841,19.5094,-0.273
25,20,1.0,4c259467e927290e346f667b39a665db,834.68,79,29.11,-0.223,19.3513,-0.2114
30,20,2.0,4c259467e927290e346f667b39a665db,834.21,48,25.0,-0.3628,22.2468,-0.2129
30,7,2.0,4c259467e927290e346f667b39a665db,834.15,47,27.66,-0.3707,22.0363,-0.215
30,14,3.5,4c259467e927290e346f667b39a665db,833.72,33,30.3,-0.5287,20.5839,-0.2539
30,10,4.0,4c259467e927290e346f667b39a665db,830.58,29,27.59,-0.616,20.0006,-0.2873
25,14,1.0,4c259467e927290e346f667b39a665db,828.67,80,28.75,-0.2293,19.8524,-0.2189
30,14,1.5,4c259467e927290e346f667b39a665db,827.35,59,18.64,-0.3104,22.4415,-0.2126
30,25,2.0,4c259467e927290e346f667b39a665db,825.91,48,25.0,-0.3848,23.5134,-0.2365
30,7,1.5,4c259467e927290e346f667b39a665db,824.58,57,19.3,-0.3273,21.8937,-0.2219
30,30,1.0,4c259467e927290e346f667b39a665db,824.27,74,25.68,-0.255,21.1962,-0.2327
25,10,1.0,4c259467e927290e346f667b39a665db,823.93,80,27.5,-0.2366,20.2344,-0.2292
25,30,1.0,4c259467e927290e346f667b39a665db,823.36,80,26.25,-0.2372,21.2833,-0.2246
30,20,3.0,4c259467e927290e346f667b39a665db,823.31,36,25.0,-0.5196,20.6188,-0.2617
25,7,1.0,4c259467e927290e346f667b39a665db,822.22,80,26.25,-0.238,20.3335,-0.2076
30,25,1.0,4c259467e927290e346f667b39a665db,821.35,74,25.68,-0.2597,21.4347,-0.2375
25,7,4.0,4c259467e927290e346f667b39a665db,821.18,32,28.12,-0.5938,18.9934,-0.291
30,20,2.5,4c259467e927290e346f667b39a665db,820.85,40,27.5,-0.4714,21.4421,-0.2268
25,30,2.0,4c259467e927290e346f667b39a665db,820.3,52,26.92,-0.3682,21.6987,-0.2338
30,20,1.5,4c259467e927290e346f667b39a665db,819.88,60,21.67,-0.3222,22.2609,-0.2477
30,14,3.0,4c259467e927290e346f667b39a665db,819.07,36,25.0,-0.5346,21.0185,-0.275
30,14,2.0,4c259467e927290e346f667b39a665db,818.81,49,22.45,-0.3936,23.2434,-0.2356
12,7,4.0,4c259467e927290e346f667b39a665db,818.33,46,32.61,-0.4101,25.5184,-0.1816
30,30,3.0,4c259467e927290e346f667b39a665db,816.0,35,28.57,-0.5556,21.7659,-0.2516
30,10,1.5,4c259467e927290e346f667b39a665db,815.8,59,16.95,-0.3342,22.8648,-0.2298
25,14,3.5,4c259467e927290e346f667b39a665db,814.21,36,27.78,-0.5504,20.0485,-0.2778
25,20,3.5,4c259467e927290e346f667b39a665db,813.97,36,27.78,-0.5502,18.9418,-0.2703
30,30,4.0,4c259467e927290e346f667b39a665db,813.79,29,27.59,-0.6811,20.5035,-0.2878
10,10,3.5,4c259467e927290e346f667b39a665db,813.62,54,33.33,-0.3553,28.402,-0.1539
25,25,1.0,4c259467e927290e346f667b39a665db,813.33,81,25.93,-0.2494,21.4649,-0.2376
10,10,4.0,4c259467e927290e346f667b39a665db,810.92,48,31.25,-0.4087,27.7586,-0.1733
25,10,4.0,4c259467e927290e346f667b39a665db,810.03,32,28.12,-0.6362,20.0049,-0.3116
30,7,3.5,4c259467e927290e346f667b39a665db,807.28,33,30.3,-0.6217,25.5272,-0.2733
30,14,2.5,4c259467e927290e346f667b39a665db,805.59,41,26.83,-0.5063,22.8199,-0.2519
30,30,1.5,4c259467e927290e346f667b39a665db,805.38,61,22.95,-0.3457,23.2681,-0.2615
25,14,1.5,4c259467e927290e346f667b39a665db,804.99,66,19.7,-0.3189,22.6261,-0.231
25,20,2.0,4c259467e927290e346f667b39a665db,803.78,54,25.93,-0.3913,22.0252,-0.245
25,7,1.5,4c259467e927290e346f667b39a665db,803.57,64,20.31,-0.3316,22.6347,-0.2373
30,25,1.5,4c259467e927290e346f667b39a665db,802.8,61,22.95,-0.351,23.307,-0.2667
30,10,2.0,4c259467e927290e346f667b39a665db,801.43,50,24.0,-0.429,23.7422,-0.2641
30,20,4.0,4c259467e927290e346f667b39a665db,800.86,30,26.67,-0.7134,23.0098,-0.3188
30,14,4.0,4c259467e927290e346f667b39a665db,799.8,30,26.67,-0.7193,22.9206,-0.3316
25,7,3.5,4c259467e927290e346f667b39a665db,797.97,36,27.78,-0.6029,23.5428,-0.2815
25,20,1.5,4c259467e927290e346f667b39a665db,796.37,67,22.39,-0.3319,22.0094,-0.2698
12,10,4.0,4c259467e927290e346f667b39a665db,796.15,46,32.61,-0.4692,27.1462,-0.2062
10,14,3.5,4c259467e927290e346f667b39a665db,795.61,54,33.33,-0.3957,27.5164,-0.1685
25,25,2.0,4c259467e927290e346f667b39a665db,795.03,54,25.93,-0.4126,22.8867,-0.2707
25,10,1.5,4c259467e927290e346f667b39a665db,794.61,66,18.18,-0.3385,23.5746,-0.2458
30,10,2.5,4c259467e927290e346f667b39a665db,793.8,42,26.19,-0.5297,23.9196,-0.2705
25,25,3.0,4c259467e927290e346f667b39a665db,791.66,40,27.5,-0.5645,21.937,-0.2939
25,7,2.0,4c259467e927290e346f667b39a665db,791.02,54,25.93,-0.4205,23.0533,-0.2596
30,30,2.5,4c259467e927290e346f667b39a665db,790.75,42,26.19,-0.5382,24.0387,-0.2702
25,30,4.0,4c259467e927290e346f667b39a665db,790.43,32,28.12,-0.708,22.7854,-0.3154
25,30,1.5,4c259467e927290e346f667b39a665db,790.38,67,22.39,-0.3428,23.6237,-0.274
25,14,2.0,4c259467e927290e346f667b39a665db,789.36,55,21.82,-0.4172,23.3847,-0.2659
30,25,4.0,4c259467e927290e346f667b39a665db,789.01,30,26.67,-0.7609,22.9287,-0.3277
30,25,2.5,4c259467e927290e346f667b39a665db,787.94,42,26.19,-0.5468,24.3006,-0.2763
25,30,3.0,4c259467e927290e346f667b39a665db,786.86,39,28.21,-0.5927,24.1274,-0.2911
10,20,3.0,4c259467e927290e346f667b39a665db,785.4,62,30.65,-0.3657,26.4503,-0.1675
30,30,3.5,4c259467e927290e346f667b39a665db,782.24,33,27.27,-0.7202,24.0816,-0.3437
30,7,2.5,4c259467e927290e346f667b39a665db,781.03,42,26.19,-0.5684,24.9486,-0.2927
15,10,3.5,4c259467e927290e346f667b39a665db,779.39,49,26.53,-0.4845,28.3979,-0.2234
25,25,1.5,4c259467e927290e346f667b39a665db,778.78,68,22.06,-0.3595,23.7656,-0.2899
8,20,3.0,4c259467e927290e346f667b39a665db,778.45,66,31.82,-0.357,25.0499,-0.1687
12,20,3.0,4c259467e927290e346f667b39a665db,777.03,59,30.51,-0.4049,26.4754,-0.1917
25,14,4.0,4c259467e927290e346f667b39a665db,776.93,33,27.27,-0.7414,23.21,-0.3587
25,20,4.0,4c259467e927290e346f667b39a665db,774.02,33,27.27,-0.7513,23.5098,-0.352
25,20,2.5,4c259467e927290e346f667b39a665db,772.9,46,26.09,-0.5406,24.5193,-0.282
15,25,3.0,4c259467e927290e346f667b39a665db,772.85,54,27.78,-0.4541,25.1281,-0.2136
20,10,3.5,4c259467e927290e346f667b39a665db,772.42,44,29.55,-0.5653,25.448,-0.2796
8,10,3.5,4c259467e927290e346f667b39a665db,772.24,58,32.76,-0.4196,29.2099,-0.1849
30,10,3.0,4c259467e927290e346f667b39a665db,772.01,37,24.32,-0.6771,25.5212,-0.3353
20,25,3.0,4c259467e927290e346f667b39a665db,771.08,49,30.61,-0.5103,24.7536,-0.2591
15,20,3.0,4c259467e927290e346f667b39a665db,768.58,55,27.27,-0.4567,26.008,-0.221
10,14,3.0,4c259467e927290e346f667b39a665db,768.13,63,30.16,-0.395,27.974,-0.1824
8,14,3.0,4c259467e927290e346f667b39a665db,767.94,67,31.34,-0.372,26.2391,-0.1779
30,25,3.5,4c259467e927290e346f667b39a665db,767.12,34,26.47,-0.7566,25.5527,-0.3715
12,10,3.5,4c259467e927290e346f667b39a665db,766.1,53,32.08,-0.4771,30.7497,-0.2133
25,30,3.5,4c259467e927290e346f667b39a665db,765.0,36,25.0,-0.7229,25.7548,-0.3698
25,10,2.0,4c259467e927290e346f667b39a665db,760.72,57,22.81,-0.4674,26.1006,-0.3071
8,14,2.5,4c259467e927290e346f667b39a665db,760.62,79,27.85,-0.3274,28.012,-0.1686
25,25,4.0,4c259467e927290e346f667b39a665db,759.83,33,27.27,-0.8052,24.9091,-0.3632
25,14,2.5,4c259467e927290e346f667b39a665db,759.75,47,25.53,-0.5662,25.7585,-0.3048
12,14,3.0,4c259467e927290e346f667b39a665db,759.56,60,30.0,-0.4359,28.0157,-0.2082
8,10,4.0,4c259467e927290e346f667b39a665db,758.5,51,33.33,-0.5126,30.6214,-0.2143
20,20,3.0,4c259467e927290e346f667b39a665db,758.41,50,30.0,-0.5336,26.6265,-0.2779
15,30,2.0,4c259467e927290e346f667b39a665db,758.37,73,28.77,-0.3631,31.2009,-0.2066
25,20,3.0,4c259467e927290e346f667b39a665db,758.3,42,23.81,-0.6397,25.2199,-0.3432
15,14,2.5,4c259467e927290e346f667b39a665db,758.06,63,26.98,-0.4201,29.5827,-0.2143
10,25,3.0,4c259467e927290e346f667b39a665db,757.85,62,29.03,-0.422,26.0425,-0.1893
15,14,3.0,4c259467e927290e346f667b39a665db,757.62,56,26.79,-0.4744,26.8376,-0.2337
25,30,2.5,4c259467e927290e346f667b39a665db,756.54,47,25.53,-0.5752,27.325,-0.3105
25,14,3.0,4c259467e927290e346f667b39a665db,755.85,42,23.81,-0.648,25.4078,-0.3539
8,7,4.0,4c259467e927290e346f667b39a665db,754.23,53,32.08,-0.5042,30.1561,-0.216
12,14,3.5,4c259467e927290e346f667b39a665db,754.01,53,32.08,-0.5063,29.4392,-0.2233
12,25,3.0,4c259467e927290e346f667b39a665db,749.45,59,28.81,-0.4649,26.8622,-0.215
20,20,3.5,4c259467e927290e346f667b39a665db,749.38,45,28.89,-0.618,26.8033,-0.2965
25,10,2.5,4c259467e927290e346f667b39a665db,748.78,48,25.0,-0.5849,26.7281,-0.3214
8,25,3.0,4c259467e927290e346f667b39a665db,748.32,66,30.3,-0.4156,26.9725,-0.1923
30,7,3.0,4c259467e927290e346f667b39a665db,748.0,39,23.08,-0.7235,27.8793,-0.373
20,14,1.0,4c259467e927290e346f667b39a665db,747.14,100,28.0,-0.2843,27.6424,-0.2417
10,30,2.0,4c259467e927290e346f667b39a665db,746.66,88,30.68,-0.3146,32.2226,-0.1692
15,20,2.5,4c259467e927290e346f667b39a665db,745.91,63,23.81,-0.4448,30.9535,-0.2226
20,14,3.0,4c259467e927290e346f667b39a665db,745.89,51,27.45,-0.556,27.8218,-0.2955
10,14,4.0,4c259467e927290e346f667b39a665db,745.87,50,26.0,-0.5571,31.1866,-0.2341
15,7,1.5,4c259467e927290e346f667b39a665db,745.78,94,25.53,-0.3011,30.3918,-0.2052
15,14,3.5,4c259467e927290e346f667b39a665db,745.01,50,26.0,-0.5632,29.2523,-0.2548
10,14,2.5,4c259467e927290e346f667b39a665db,744.76,74,28.38,-0.3778,30.7249,-0.188
15,10,3.0,4c259467e927290e346f667b39a665db,744.4,57,26.32,-0.4987,28.0321,-0.2608
10,20,4.0,4c259467e927290e346f667b39a665db,744.03,49,30.61,-0.5724,31.0294,-0.2334
15,30,3.0,4c259467e927290e346f667b39a665db,743.78,54,24.07,-0.525,31.2374,-0.2486
20,10,1.0,4c259467e927290e346f667b39a665db,743.68,100,27.0,-0.289,27.9484,-0.2478
10,30,4.0,4c259467e927290e346f667b39a665db,743.68,48,31.25,-0.5837,29.1121,-0.2297
20,30,3.0,4c259467e927290e346f667b39a665db,743.46,49,26.53,-0.5841,28.986,-0.2945
10,7,3.5,4c259467e927290e346f667b39a665db,743.11,59,27.12,-0.478,34.9417,-0.2153
10,20,3.5,4c259467e927290e346f667b39a665db,743.1,56,30.36,-0.5015,30.7331,-0.2117
20,7,1.0,4c259467e927290e346f667b39a665db,742.68,100,26.0,-0.2894,28.0427,-0.2315
8,10,3.0,4c259467e927290e346f667b39a665db,742.43,70,30.0,-0.4061,28.8026,-0.209
20,14,3.5,4c259467e927290e346f667b39a665db,742.34,45,28.89,-0.6392,27.4719,-0.3096
20,20,1.0,4c259467e927290e346f667b39a665db,742.19,100,29.0,-0.2909,27.4895,-0.2467
25,25,2.5,4c259467e927290e346f667b39a665db,740.7,48,25.0,-0.6071,27.4627,-0.3319
15,7,3.5,4c259467e927290e346f667b39a665db,740.3,51,21.57,-0.5654,32.2344,-0.2623
20,30,2.0,4c259467e927290e346f667b39a665db,740.23,65,29.23,-0.4483,30.2132,-0.2706
15,20,2.0,4c259467e927290e346f667b39a665db,739.12,77,25.97,-0.3772,31.024,-0.2177
15,7,4.0,4c259467e927290e346f667b39a665db,738.47,46,26.09,-0.6328,29.9344,-0.284
15,7,2.0,4c259467e927290e346f667b39a665db,738.24,78,24.36,-0.374,32.4359,-0.2177
25,10,3.0,4c259467e927290e346f667b39a665db,737.64,42,23.81,-0.7053,27.0826,-0.3819
8,30,2.0,4c259467e927290e346f667b39a665db,737.34,96,30.21,-0.3013,30.4685,-0.1681
8,20,2.5,4c259467e927290e346f667b39a665db,737.28,80,26.25,-0.3615,30.1889,-0.1837
15,14,2.0,4c259467e927290e346f667b39a665db,737.06,78,23.08,-0.3763,32.2604,-0.2214
8,14,3.5,4c259467e927290e346f667b39a665db,736.47,59,32.2,-0.4914,29.9067,-0.2137
20,7,4.0,4c259467e927290e346f667b39a665db,736.26,41,26.83,-0.7223,28.5614,-0.341
12,14,4.0,4c259467e927290e346f667b39a665db,735.42,48,27.08,-0.6127,30.3057,-0.2676
15,20,3.5,4c259467e927290e346f667b39a665db,734.2,50,26.0,-0.5915,30.2129,-0.2629
8,25,2.0,4c259467e927290e346f667b39a665db,733.79,99,29.29,-0.2974,28.7809,-0.1707
10,10,3.0,4c259467e927290e346f667b39a665db,733.6,66,28.79,-0.4487,31.1535,-0.2237
15,25,2.0,4c259467e927290e346f667b39a665db,733.54,76,27.63,-0.3928,32.2249,-0.2304
25,25,3.5,4c259467e927290e346f667b39a665db,733.15,38,23.68,-0.7961,26.9975,-0.4199
15,20,1.0,4c259467e927290e346f667b39a665db,732.36,117,29.06,-0.2592,27.7702,-0.2221
15,14,1.5,4c259467e927290e346f667b39a665db,731.7,95,24.21,-0.3183,30.8714,-0.2219
12,14,2.5,4c259467e927290e346f667b39a665db,730.22,69,27.54,-0.4353,31.0771,-0.2184
20,30,3.5,4c259467e927290e346f667b39a665db,729.76,44,34.09,-0.6936,29.8402,-0.3435
15,7,1.0,4c259467e927290e346f667b39a665db,729.22,118,25.42,-0.26,28.676,-0.2134
20,25,1.0,4c259467e927290e346f667b39a665db,728.81,100,26.0,-0.309,29.4086,-0.2613
8,20,2.0,4c259467e927290e346f667b39a665db,728.65,101,28.71,-0.2979,29.8079,-0.1695
10,30,3.5,4c259467e927290e346f667b39a665db,728.61,55,34.55,-0.5483,29.9488,-0.2387
15,10,1.0,4c259467e927290e346f667b39a665db,727.92,118,26.27,-0.2623,28.8065,-0.2284
20,20,2.0,4c259467e927290e346f667b39a665db,727.26,68,26.47,-0.454,30.7563,-0.2753
20,10,3.0,4c259467e927290e346f667b39a665db,725.83,52,25.0,-0.5987,29.6881,-0.3339
15,10,1.5,4c259467e927290e346f667b39a665db,725.75,95,24.21,-0.3269,30.9001,-0.2286
8,7,3.0,4c259467e927290e346f667b39a665db,725.62,74,27.03,-0.4153,30.9098,-0.2215
20,7,1.5,4c259467e927290e346f667b39a665db,724.99,81,23.46,-0.3854,31.5459,-0.2586
15,14,1.0,4c259467e927290e346f667b39a665db,724.89,119,26.89,-0.2635,29.1319,-0.2284
25,7,2.5,4c259467e927290e346f667b39a665db,724.41,49,24.49,-0.64,28.8056,-0.3555
10,20,2.0,4c259467e927290e346f667b39a665db,723.59,93,29.03,-0.3312,32.4422,-0.182
20,10,4.0,4c259467e927290e346f667b39a665db,722.87,41,26.83,-0.7664,29.783,-0.3597
10,20,2.5,4c259467e927290e346f667b39a665db,722.83,75,26.67,-0.4116,32.9487,-0.2016
8,7,3.5,4c259467e927290e346f667b39a665db,721.98,63,26.98,-0.4929,34.3319,-0.2274
8,10,2.5,4c259467e927290e346f667b39a665db,721.31,85,27.06,-0.3664,30.0663,-0.1948
12,20,3.5,4c259467e927290e346f667b39a665db,720.71,54,31.48,-0.5788,32.3934,-0.2512
12,30,3.0,4c259467e927290e346f667b39a665db,720.46,59,25.42,-0.5316,31.8212,-0.2468
10,25,2.0,4c259467e927290e346f667b39a665db,720.23,92,29.35,-0.3403,32.4678,-0.1891
20,7,3.5,4c259467e927290e346f667b39a665db,720.2,46,23.91,-0.69,30.7187,-0.3309
10,30,3.0,4c259467e927290e346f667b39a665db,719.71,63,26.98,-0.4975,32.6169,-0.2277
20,14,1.5,4c259467e927290e346f667b39a665db,719.26,83,22.89,-0.3856,32.3592,-0.2606
10,25,4.0,4c259467e927290e346f667b39a665db,719.2,49,30.61,-0.6395,30.5025,-0.2538
15,25,1.0,4c259467e927290e346f667b39a665db,719.11,117,26.5,-0.2747,29.6878,-0.2346
15,10,2.5,4c259467e927290e346f667b39a665db,718.81,66,27.27,-0.4817,30.1848,-0.2555
15,30,3.5,4c259467e927290e346f667b39a665db,717.98,49,32.65,-0.6507,31.1099,-0.2986
20,20,2.5,4c259467e927290e346f667b39a665db,717.64,57,24.56,-0.5626,31.2296,-0.2941
20,14,2.0,4c259467e927290e346f667b39a665db,717.5,69,23.19,-0.4672,31.6738,-0.2881
8,20,3.5,4c259467e927290e346f667b39a665db,717.43,59,32.2,-0.5347,31.2054,-0.2291
15,10,4.0,4c259467e927290e346f667b39a665db,717.3,46,26.09,-0.6949,31.5538,-0.3075
8,30,3.0,4c259467e927290e346f667b39a665db,716.37,67,28.36,-0.475,31.8976,-0.2255
15,30,4.0,4c259467e927290e346f667b39a665db,715.28,44,27.27,-0.7306,30.9202,-0.3038
20,14,2.5,4c259467e927290e346f667b39a665db,715.13,58,25.86,-0.5597,31.4576,-0.3014
20,30,1.0,4c259467e927290e346f667b39a665db,714.83,100,26.0,-0.3283,31.4395,-0.2779
8,7,2.0,4c259467e927290e346f667b39a665db,714.25,106,23.58,-0.3032,31.3228,-0.1801
10,7,3.0,4c259467e927290e346f667b39a665db,714.13,70,25.71,-0.4617,33.3058,-0.2395
12,30,4.0,4c259467e927290e346f667b39a665db,713.87,47,31.91,-0.6853,30.9169,-0.2791
20,10,1.5,4c259467e927290e346f667b39a665db,712.39,83,21.69,-0.3972,32.7769,-0.2691
20,25,2.0,4c259467e927290e346f667b39a665db,712.09,68,27.94,-0.4856,31.6341,-0.3034
12,20,4.0,4c259467e927290e346f667b39a665db,710.84,48,31.25,-0.6812,32.3145,-0.2873
15,7,3.0,4c259467e927290e346f667b39a665db,710.8,60,25.0,-0.5504,31.2333,-0.2953
8,30,3.5,4c259467e927290e346f667b39a665db,710.62,58,34.48,-0.5621,31.6784,-0.2474
15,30,1.0,4c259467e927290e346f667b39a665db,710.48,116,26.72,-0.2875,31.21,-0.2466
20,7,2.0,4c259467e927290e346f667b39a665db,710.36,69,24.64,-0.4811,32.268,-0.2912
20,20,1.5,4c259467e927290e346f667b39a665db,709.67,84,25.0,-0.3985,32.3422,-0.2948
10,7,1.5,4c259467e927290e346f667b39a665db,709.46,120,24.17,-0.2746,32.9894,-0.1821
15,20,1.5,4c259467e927290e346f667b39a665db,709.23,97,24.74,-0.3451,32.1368,-0.2621
15,10,2.0,4c259467e927290e346f667b39a665db,708.84,81,23.46,-0.4108,33.9283,-0.2497
8,30,4.0,4c259467e927290e346f667b39a665db,708.66,51,29.41,-0.6424,31.4211,-0.2561
10,7,2.0,4c259467e927290e346f667b39a665db,708.58,98,23.47,-0.3359,33.4839,-0.191
12,20,2.0,4c259467e927290e346f667b39a665db,706.02,86,26.74,-0.3885,32.8441,-0.2177
10,10,1.5,4c259467e927290e346f667b39a665db,706.01,118,22.88,-0.2837,32.3512,-0.1896
12,30,3.5,4c259467e927290e346f667b39a665db,705.45,53,35.85,-0.6315,32.1754,-0.2813
15,30,2.5,4c259467e927290e346f667b39a665db,703.55,65,24.62,-0.5208,34.5116,-0.2655
12,30,2.0,4c259467e927290e346f667b39a665db,702.85,84,27.38,-0.4032,34.9866,-0.2244
25,7,3.0,4c259467e927290e346f667b39a665db,702.84,44,22.73,-0.7822,31.4389,-0.4305
12,10,3.0,4c259467e927290e346f667b39a665db,702.61,63,28.57,-0.5392,33.3411,-0.2703
12,20,2.5,4c259467e927290e346f667b39a665db,701.97,71,25.35,-0.4777,33.9405,-0.2386
5,20,3.0,4c259467e927290e346f667b39a665db,699.41,77,31.17,-0.44,31.2266,-0.2015
10,10,2.5,4c259467e927290e346f667b39a665db,699.32,80,27.5,-0.428,32.5859,-0.2219
8,14,2.0,4c259467e927290e346f667b39a665db,699.24,105,26.67,-0.3261,32.7479,-0.1919
10,14,2.0,4c259467e927290e346f667b39a665db,698.57,97,26.8,-0.354,35.0789,-0.2003
8,30,2.5,4c259467e927290e346f667b39a665db,697.65,82,25.61,-0.4199,33.6096,-0.2167
20,30,1.5,4c259467e927290e346f667b39a665db,697.08,84,25.0,-0.4194,33.2721,-0.3056
15,30,1.5,4c259467e927290e346f667b39a665db,696.89,97,24.74,-0.3628,32.5764,-0.2711
10,14,1.5,4c259467e927290e346f667b39a665db,696.86,119,22.69,-0.2921,33.3148,-0.1946
8,14,4.0,4c259467e927290e346f667b39a665db,695.97,53,26.42,-0.6532,33.8533,-0.2713
12,7,3.5,4c259467e927290e346f667b39a665db,694.54,58,24.14,-0.6032,37.5404,-0.2755
8,20,4.0,4c259467e927290e346f667b39a665db,693.89,52,28.85,-0.6703,33.5753,-0.2702
8,7,1.5,4c259467e927290e346f667b39a665db,693.11,131,25.95,-0.2691,32.9966,-0.1844
8,7,2.5,4c259467e927290e346f667b39a665db,692.91,88,26.14,-0.3994,32.8824,-0.216
20,30,4.0,4c259467e927290e346f667b39a665db,692.51,40,25.0,-0.8876,32.9866,-0.3777
20,25,3.5,4c259467e927290e346f667b39a665db,691.73,47,29.79,-0.7627,31.8466,-0.3927
10,25,3.5,4c259467e927290e346f667b39a665db,691.46,58,31.03,-0.6099,31.8712,-0.2742
12,25,4.0,4c259467e927290e346f667b39a665db,690.54,48,31.25,-0.7399,32.2116,-0.3054
15,25,2.5,4c259467e927290e346f667b39a665db,690.49,66,22.73,-0.5413,34.3014,-0.2795
12,25,2.0,4c259467e927290e346f667b39a665db,690.24,86,26.74,-0.4152,34.0603,-0.2366
15,25,4.0,4c259467e927290e346f667b39a665db,689.32,45,26.67,-0.7959,32.4236,-0.3345
20,20,4.0,4c259467e927290e346f667b39a665db,689.15,41,26.83,-0.8795,33.0135,-0.3921
20,14,4.0,4c259467e927290e346f667b39a665db,688.25,42,26.19,-0.8632,33.09,-0.4018
12,10,2.5,4c259467e927290e346f667b39a665db,688.1,75,26.67,-0.4796,33.0036,-0.2521
12,7,2.0,4c259467e927290e346f667b39a665db,687.77,90,22.22,-0.4007,34.0244,-0.2337
20,25,1.5,4c259467e927290e346f667b39a665db,687.52,85,24.71,-0.4307,33.3631,-0.3166
8,10,1.5,4c259467e927290e346f667b39a665db,687.44,129,25.58,-0.2799,33.5197,-0.1932
15,25,1.5,4c259467e927290e346f667b39a665db,687.29,98,24.49,-0.3733,32.6952,-0.2813
20,10,2.0,4c259467e927290e346f667b39a665db,686.8,72,23.61,-0.5085,34.5674,-0.3243
8,25,4.0,4c259467e927290e346f667b39a665db,686.1,52,28.85,-0.6916,32.6475,-0.2777
20,10,2.5,4c259467e927290e346f667b39a665db,685.71,60,25.0,-0.6109,34.2194,-0.3368
8,25,2.5,4c259467e927290e346f667b39a665db,684.94,83,25.3,-0.437,33.6048,-0.2277
12,7,3.0,4c259467e927290e346f667b39a665db,684.46,66,27.27,-0.5545,35.2602,-0.2867
10,30,2.5,4c259467e927290e346f667b39a665db,682.35,77,25.97,-0.4754,36.4036,-0.2359
15,25,3.5,4c259467e927290e346f667b39a665db,682.05,52,28.85,-0.7116,32.9338,-0.3385
8,14,1.5,4c259467e927290e346f667b39a665db,680.7,131,24.43,-0.2831,34.1058,-0.1965
5,14,3.0,4c259467e927290e346f667b39a665db,680.32,79,29.11,-0.4636,33.2841,-0.2145
20,30,2.5,4c259467e927290e346f667b39a665db,678.85,59,23.73,-0.6375,35.4005,-0.342
15,14,4.0,4c259467e927290e346f667b39a665db,678.85,47,25.53,-0.7954,34.9293,-0.3483
15,20,4.0,4c259467e927290e346f667b39a665db,677.38,46,26.09,-0.816,34.8701,-0.3448
15,7,2.5,4c259467e927290e346f667b39a665db,677.14,70,25.71,-0.539,34.0437,-0.2937
8,25,3.5,4c259467e927290e346f667b39a665db,674.19,61,34.43,-0.6207,33.5728,-0.283
12,14,2.0,4c259467e927290e346f667b39a665db,674.12,90,23.33,-0.423,34.9148,-0.2472
5,10,3.0,4c259467e927290e346f667b39a665db,673.2,82,29.27,-0.4621,34.1159,-0.2322
20,7,3.0,4c259467e927290e346f667b39a665db,673.11,55,23.64,-0.7019,34.7502,-0.3971
8,20,1.5,4c259467e927290e346f667b39a665db,672.78,131,25.19,-0.293,34.2629,-0.2147
5,25,3.0,4c259467e927290e346f667b39a665db,672.11,77,29.87,-0.4912,33.3621,-0.2238
12,25,3.5,4c259467e927290e346f667b39a665db,670.28,56,32.14,-0.6889,33.958,-0.3177
10,25,2.5,4c259467e927290e346f667b39a665db,669.83,78,25.64,-0.4931,36.1842,-0.2475
12,7,1.5,4c259467e927290e346f667b39a665db,669.53,111,22.52,-0.3501,36.116,-0.2368
10,20,1.5,4c259467e927290e346f667b39a665db,668.65,121,23.14,-0.3223,34.9057,-0.2275
20,25,4.0,4c259467e927290e346f667b39a665db,667.53,41,24.39,-0.9548,34.5597,-0.4117
12,14,1.5,4c259467e927290e346f667b39a665db,667.24,110,21.82,-0.3567,36.466,-0.2435
20,25,2.5,4c259467e927290e346f667b39a665db,665.42,60,23.33,-0.6601,35.4988,-0.3586
12,10,1.5,4c259467e927290e346f667b39a665db,664.83,110,21.82,-0.3601,36.5778,-0.2471
12,30,2.5,4c259467e927290e346f667b39a665db,661.74,73,23.29,-0.545,37.4133,-0.2763
5,10,3.5,4c259467e927290e346f667b39a665db,660.96,69,27.54,-0.5718,35.478,-0.2451
10,7,2.5,4c259467e927290e346f667b39a665db,656.61,84,25.0,-0.4821,36.6429,-0.2547
5,7,3.0,4c259467e927290e346f667b39a665db,656.59,86,25.58,-0.4698,36.3398,-0.2436
5,14,2.5,4c259467e927290e346f667b39a665db,655.34,96,27.08,-0.4204,36.2683,-0.214
5,30,3.0,4c259467e927290e346f667b39a665db,654.28,77,28.57,-0.5273,36.5319,-0.2475
12,20,1.5,4c259467e927290e346f667b39a665db,652.28,111,22.52,-0.3749,36.7026,-0.2723
8,10,2.0,4c259467e927290e346f667b39a665db,651.59,111,23.42,-0.3722,37.3549,-0.2284
20,7,2.5,4c259467e927290e346f667b39a665db,651.27,63,23.81,-0.6631,37.2947,-0.3749
5,14,3.5,4c259467e927290e346f667b39a665db,650.66,69,26.09,-0.594,36.1658,-0.2527
12,25,2.5,4c259467e927290e346f667b39a665db,650.17,74,24.32,-0.5616,37.1536,-0.2883
10,10,2.0,4c259467e927290e346f667b39a665db,648.14,103,23.3,-0.4061,37.8646,-0.2389
8,30,1.5,4c259467e927290e346f667b39a665db,644.38,130,25.38,-0.3289,37.7525,-0.2484
12,7,2.5,4c259467e927290e346f667b39a665db,644.17,79,24.05,-0.5382,37.1057,-0.2887
5,20,2.5,4c259467e927290e346f667b39a665db,641.85,97,26.8,-0.4375,37.6118,-0.2245
12,20,1.0,4c259467e927290e346f667b39a665db,640.6,137,25.55,-0.3179,37.9125,-0.2745
5,30,2.0,4c259467e927290e346f667b39a665db,640.27,118,29.66,-0.3619,39.1133,-0.2043
10,30,1.5,4c259467e927290e346f667b39a665db,640.19,120,23.33,-0.3617,38.2694,-0.2627
12,10,2.0,4c259467e927290e346f667b39a665db,638.69,94,21.28,-0.4625,38.3587,-0.2799
5,7,4.0,4c259467e927290e346f667b39a665db,637.49,62,27.42,-0.6947,38.507,-0.2862
8,25,1.5,4c259467e927290e346f667b39a665db,636.12,131,25.19,-0.3362,37.8012,-0.2553
5,20,2.0,4c259467e927290e346f667b39a665db,634.29,123,26.83,-0.3546,38.4475,-0.203
10,25,1.5,4c259467e927290e346f667b39a665db,632.11,121,23.14,-0.3692,38.2892,-0.2701
5,10,4.0,4c259467e927290e346f667b39a665db,630.35,60,25.0,-0.736,39.685,-0.296
12,7,1.0,4c259467e927290e346f667b39a665db,630.25,140,21.43,-0.3222,39.2963,-0.2709
5,10,2.5,4c259467e927290e346f667b39a665db,629.9,102,26.47,-0.4345,37.9592,-0.2286
12,14,1.0,4c259467e927290e346f667b39a665db,627.76,140,22.86,-0.3256,39.6535,-0.2844
5,20,3.5,4c259467e927290e346f667b39a665db,626.82,69,26.09,-0.6471,37.5157,-0.2724
5,7,3.5,4c259467e927290e346f667b39a665db,626.42,74,24.32,-0.6058,40.66,-0.2718
12,10,1.0,4c259467e927290e346f667b39a665db,626.36,140,22.14,-0.3273,39.7227,-0.2883
5,7,2.0,4c259467e927290e346f667b39a665db,623.82,129,23.26,-0.3514,39.3271,-0.2094
12,30,1.5,4c259467e927290e346f667b39a665db,623.26,111,22.52,-0.4164,40.3082,-0.3135
5,25,2.0,4c259467e927290e346f667b39a665db,623.06,122,27.87,-0.3724,39.1149,-0.215
12,25,1.0,4c259467e927290e346f667b39a665db,620.6,137,23.36,-0.341,40.2643,-0.2929
5,30,4.0,4c259467e927290e346f667b39a665db,617.41,58,24.14,-0.7947,38.9356,-0.3047
8,20,1.0,4c259467e927290e346f667b39a665db,617.03,165,27.27,-0.2864,39.7162,-0.2638
5,30,3.5,4c259467e927290e346f667b39a665db,616.28,68,29.41,-0.683,39.6366,-0.2941
12,25,1.5,4c259467e927290e346f667b39a665db,615.18,112,22.32,-0.4243,40.3196,-0.3221
8,14,1.0,4c259467e927290e346f667b39a665db,614.69,168,25.6,-0.2835,40.0273,-0.2622
8,10,1.0,4c259467e927290e346f667b39a665db,612.68,169,24.85,-0.2838,40.2626,-0.2646
12,30,1.0,4c259467e927290e346f667b39a665db,612.36,136,22.06,-0.3533,41.6328,-0.3047
5,7,2.5,4c259467e927290e346f667b39a665db,611.54,105,23.81,-0.4502,39.5765,-0.2411
8,30,1.0,4c259467e927290e346f667b39a665db,610.14,163,25.77,-0.2965,41.9563,-0.2661
5,14,2.0,4c259467e927290e346f667b39a665db,608.17,127,25.2,-0.3768,40.9609,-0.222
8,7,1.0,4c259467e927290e346f667b39a665db,604.76,172,25.0,-0.2859,41.0909,-0.2579
5,25,2.5,4c259467e927290e346f667b39a665db,602.3,101,26.73,-0.4834,40.8756,-0.2564
5,7,1.5,4c259467e927290e346f667b39a665db,601.33,162,25.31,-0.3031,42.0295,-0.2082
10,30,1.0,4c259467e927290e346f667b39a665db,600.19,150,24.67,-0.3334,42.5923,-0.2934
10,20,1.0,4c259467e927290e346f667b39a665db,600.09,153,26.8,-0.3272,40.9416,-0.2971
5,30,2.5,4c259467e927290e346f667b39a665db,597.35,101,27.72,-0.4912,42.4552,-0.2583
8,25,1.0,4c259467e927290e346f667b39a665db,597.29,165,25.45,-0.306,42.0194,-0.2809
5,10,2.0,4c259467e927290e346f667b39a665db,596.38,131,23.66,-0.3811,42.0403,-0.2366
5,14,4.0,4c259467e927290e346f667b39a665db,595.23,61,24.59,-0.8167,41.731,-0.3283
5,25,4.0,4c259467e927290e346f667b39a665db,592.49,59,23.73,-0.8504,40.751,-0.3281
10,14,1.0,4c259467e927290e346f667b39a665db,591.55,156,25.0,-0.33,42.3199,-0.3005
5,20,4.0,4c259467e927290e346f667b39a665db,591.52,60,23.33,-0.8393,40.848,-0.3282
10,10,1.0,4c259467e927290e346f667b39a665db,590.72,156,24.36,-0.331,42.3993,-0.303
5,25,3.5,4c259467e927290e346f667b39a665db,589.18,71,28.17,-0.7177,41.082,-0.3201
10,7,1.0,4c259467e927290e346f667b39a665db,588.97,157,24.2,-0.3303,42.5761,-0.2905
5,10,1.5,4c259467e927290e346f667b39a665db,583.0,160,25.0,-0.3263,43.8645,-0.224
10,25,1.0,4c259467e927290e346f667b39a665db,581.69,153,24.84,-0.3475,43.1227,-0.3145
5,20,1.5,4c259467e927290e346f667b39a665db,577.28,160,25.0,-0.3332,44.0024,-0.2385
5,14,1.5,4c259467e927290e346f667b39a665db,568.17,162,24.69,-0.3381,45.336,-0.2329
5,30,1.5,4c259467e927290e346f667b39a665db,555.55,159,25.79,-0.3599,46.63,-0.2637
5,25,1.5,4c259467e927290e346f667b39a665db,545.65,160,25.62,-0.3689,47.0877,-0.2718
5,20,1.0,4c259467e927290e346f667b39a665db,487.37,214,26.64,-0.3294,52.3812,-0.3003
5,7,1.0,4c259467e927290e346f667b39a665db,479.97,222,23.42,-0.3247,53.1156,-0.3086
5,25,1.0,4c259467e927290e346f667b39a665db,476.73,213,24.88,-0.3412,53.7467,-0.3104
5,30,1.0,4c259467e927290e346f667b39a665db,474.72,213,24.41,-0.343,54.9318,-0.3069
5,10,1.0,4c259467e927290e346f667b39a665db,470.26,220,24.55,-0.3366,54.0486,-0.311
5,14,1.0,4c259467e927290e346f667b39a665db,469.19,220,24.55,-0.3376,54.1685,-0.3119
