donchian_len,atr_mult,mode,final_eq,n_trades,n_long,n_short,win_rate,avg_ret,max_dd,sharpe
10,2.5,short_only,1059.92,75,0,75,34.67,0.1138,26.5525,0.0412
10,3.0,short_only,1046.92,63,0,63,31.75,0.1211,22.3144,0.0378
20,3.0,short_only,1032.55,48,0,48,35.42,0.1132,17.2834,0.0361
20,2.5,short_only,1025.98,56,0,56,37.5,0.0771,19.0983,0.0301
20,2.0,short_only,1009.82,66,0,66,33.33,0.0463,15.4969,0.0179
10,3.5,short_only,1008.98,56,0,56,26.79,0.0748,24.5276,0.021
30,2.0,short_only,991.19,55,0,55,36.36,0.0175,16.9008,0.0066
20,3.5,short_only,985.62,44,0,44,31.82,0.0258,20.9097,0.0073
30,3.0,short_only,976.55,41,0,41,34.15,-0.015,18.5612,-0.005
10,2.0,short_only,976.18,93,0,93,33.33,0.0033,23.2682,0.0013
30,3.5,short_only,965.62,37,0,37,29.73,-0.0389,22.087,-0.0112
15,2.5,short_only,951.87,66,0,66,33.33,-0.0414,24.3704,-0.0156
30,2.5,short_only,934.27,49,0,49,32.65,-0.1111,20.0193,-0.0463
15,3.0,short_only,931.59,56,0,56,32.14,-0.0798,21.3955,-0.0254
15,2.0,short_only,930.87,79,0,79,27.85,-0.0599,22.6622,-0.0235
15,3.5,short_only,882.74,51,0,51,25.49,-0.1863,23.8199,-0.0529
30,3.5,long_short,841.2,68,32,36,30.88,-0.215,32.9752,-0.0749
30,3.5,long_only,833.72,33,33,0,30.3,-0.5287,20.5839,-0.2539
10,3.0,long_short,829.54,97,49,48,35.05,-0.1566,25.6759,-0.0574
30,3.0,long_only,819.07,36,36,0,25.0,-0.5346,21.0185,-0.275
30,2.0,long_only,818.81,49,49,0,22.45,-0.3936,23.2434,-0.2356
30,2.0,ls_sma100,814.07,92,45,47,31.52,-0.2,27.4903,-0.0903
30,2.0,long_short,809.57,104,49,55,29.81,-0.1786,31.7548,-0.0791
20,3.5,long_short,808.74,77,38,39,31.17,-0.2359,31.3306,-0.0817
30,2.5,long_only,805.59,41,41,0,26.83,-0.5063,22.8199,-0.2519
20,3.0,long_short,802.96,91,46,45,34.07,-0.2065,27.093,-0.0772
10,3.5,long_only,795.61,54,54,0,33.33,-0.3957,27.5164,-0.1685
30,3.5,ls_sma100,794.06,62,31,31,30.65,-0.3332,33.7478,-0.1174
15,3.0,long_short,790.58,96,48,48,32.29,-0.2083,27.7098,-0.0758
30,3.0,long_short,784.61,77,36,41,29.87,-0.2829,27.799,-0.1104
15,3.5,long_short,779.54,80,39,41,30.0,-0.2706,31.5298,-0.0927
30,2.0,ls_sma200,773.11,84,34,50,29.76,-0.2827,26.822,-0.128
30,3.0,ls_sma100,771.49,69,34,35,30.43,-0.345,28.7313,-0.1372
10,3.0,long_only,768.13,63,63,0,30.16,-0.395,27.974,-0.1824
30,2.5,ls_sma100,767.89,80,38,42,31.25,-0.3074,28.2045,-0.1438
15,2.5,long_short,764.71,115,57,58,32.17,-0.2055,37.2269,-0.0862
20,2.0,ls_sma100,762.35,106,52,54,30.19,-0.2343,29.9558,-0.1108
15,2.5,long_only,758.06,63,63,0,26.98,-0.4201,29.5827,-0.2143
15,3.0,long_only,757.62,56,56,0,26.79,-0.4744,26.8376,-0.2337
10,3.5,long_short,752.12,82,41,41,29.27,-0.308,30.0209,-0.1077
20,3.5,ls_sma200,750.03,63,27,36,25.4,-0.4167,34.26,-0.1446
20,2.5,ls_sma100,748.53,89,42,47,34.83,-0.3024,31.7771,-0.1405
30,3.5,ls_sma200,747.83,58,25,33,24.14,-0.4621,35.603,-0.163
20,2.5,long_short,747.18,109,54,55,31.19,-0.2418,35.9619,-0.106
20,3.5,ls_sma100,746.95,68,34,34,29.41,-0.3916,35.043,-0.1406
30,2.5,long_short,745.99,90,41,49,30.0,-0.3009,33.2017,-0.1351
20,3.0,long_only,745.89,51,51,0,27.45,-0.556,27.8218,-0.2955
15,3.5,long_only,745.01,50,50,0,26.0,-0.5632,29.2523,-0.2548
10,2.5,long_only,744.76,74,74,0,28.38,-0.3778,30.7249,-0.188
20,3.5,long_only,742.34,45,45,0,28.89,-0.6392,27.4719,-0.3096
15,2.0,long_only,737.06,78,78,0,23.08,-0.3763,32.2604,-0.2214
10,3.5,ls_sma200,736.15,68,27,41,23.53,-0.4065,35.304,-0.1341
15,2.5,ls_sma200,729.94,89,36,53,32.58,-0.3285,29.604,-0.1451
20,2.0,ls_sma200,729.09,99,42,57,28.28,-0.2976,28.442,-0.1414
30,2.5,ls_sma200,723.48,74,30,44,31.08,-0.4148,28.195,-0.1962
20,2.0,long_short,723.39,134,68,66,27.61,-0.219,35.535,-0.1014
20,2.5,ls_sma200,720.81,84,36,48,34.52,-0.3669,30.107,-0.1717
15,2.0,ls_sma100,718.0,117,55,62,27.35,-0.2611,35.4948,-0.1228
20,2.0,long_only,717.5,69,69,0,23.19,-0.4672,31.6738,-0.2881
30,3.0,ls_sma200,716.39,65,28,37,29.23,-0.4825,30.608,-0.195
20,2.5,long_only,715.13,58,58,0,25.86,-0.5597,31.4576,-0.3014
15,2.5,ls_sma100,714.47,95,42,53,33.68,-0.3281,33.4781,-0.1436
20,3.0,ls_sma100,706.29,77,38,39,32.47,-0.4203,31.7158,-0.1673
10,3.0,ls_sma200,698.61,80,33,47,31.25,-0.4132,33.984,-0.1538
10,2.0,long_only,698.57,97,97,0,26.8,-0.354,35.0789,-0.2003
15,3.5,ls_sma200,696.38,67,27,40,23.88,-0.498,34.104,-0.1691
15,2.0,ls_sma200,694.72,111,45,66,27.03,-0.3062,33.3737,-0.1445
20,3.0,ls_sma200,689.21,73,32,41,31.51,-0.4784,32.791,-0.19
10,2.5,ls_sma100,681.01,103,47,56,31.07,-0.345,36.3714,-0.1447
15,3.5,ls_sma100,680.3,72,34,38,27.78,-0.4948,34.0335,-0.1727
10,2.5,ls_sma200,676.0,97,40,57,29.9,-0.3755,33.894,-0.1567
10,2.5,long_short,667.29,125,63,62,32.8,-0.2961,42.2822,-0.1256
10,3.5,ls_sma100,666.07,76,36,40,26.32,-0.4942,36.4557,-0.1716
15,2.0,long_short,662.19,151,75,76,24.5,-0.2501,42.5151,-0.1156
15,3.0,ls_sma200,654.95,78,32,46,30.77,-0.5092,34.505,-0.1968
10,2.0,ls_sma200,646.8,123,52,71,27.64,-0.3324,35.9724,-0.1577
10,2.0,ls_sma100,646.65,131,64,67,26.72,-0.3111,38.2248,-0.1481
10,3.0,ls_sma100,630.71,88,42,46,30.68,-0.4893,38.7262,-0.1858
15,3.0,ls_sma100,624.09,83,39,44,31.33,-0.5338,39.3693,-0.2046
10,2.0,long_short,615.12,169,86,83,25.44,-0.2644,43.0524,-0.1215
