scenario_id,trade_id,state,entry_signal_date,entry_date,entry_raw_fill,entry_effective_fill,exit_signal_date,exit_date,exit_raw_fill,exit_effective_fill,calendar_days_held,trading_sessions_held,gross_return,net_return,mark_date,mark_last_available_close,unrealized_gross_return,unrealized_net_return,excluded_from_completed_trade_metrics,excluded_from_equity_curve
ZERO_BPS,1,COMPLETED,2024-02-20,2024-02-21,22248.85,22248.85,2024-03-19,2024-03-20,21843.9,21843.9,28,19,-0.0182009407,-0.0182009407,,,,,false,false
ZERO_BPS,2,COMPLETED,2024-04-08,2024-04-09,22765.1,22765.1,2024-08-05,2024-08-06,24189.85,24189.85,119,80,0.0625848338,0.0625848338,,,,,false,false
ZERO_BPS,3,COMPLETED,2024-08-29,2024-08-30,25249.7,25249.7,2024-10-22,2024-10-23,24378.15,24378.15,54,37,-0.0345172418,-0.0345172418,,,,,false,false
ZERO_BPS,4,COMPLETED,2024-12-05,2024-12-06,24729.45,24729.45,2025-01-10,2025-01-13,23195.4,23195.4,38,25,-0.0620333246,-0.0620333246,,,,,false,false
ZERO_BPS,5,COMPLETED,2025-03-20,2025-03-21,23168.25,23168.25,2025-04-07,2025-04-08,22446.75,22446.75,18,11,-0.0311417565,-0.0311417565,,,,,false,false
ZERO_BPS,6,COMPLETED,2025-04-21,2025-04-22,24185.4,24185.4,2025-07-25,2025-07-28,24782.45,24782.45,97,68,0.024686381,0.024686381,,,,,false,false
ZERO_BPS,7,COMPLETED,2025-09-16,2025-09-17,25276.6,25276.6,2026-01-09,2026-01-12,25669.05,25669.05,117,79,0.0155262179,0.0155262179,,,,,false,false
ZERO_BPS,8,COMPLETED,2026-04-15,2026-04-16,24385.2,24385.2,2026-05-12,2026-05-13,23362.45,23362.45,27,18,-0.0419414235,-0.0419414235,,,,,false,false
ZERO_BPS,9,COMPLETED,2026-06-18,2026-06-19,23991.2,23991.2,2026-07-24,2026-07-27,23928.4,23928.4,38,25,-0.0026176265,-0.0026176265,,,,,false,false
ZERO_BPS,10,COMPLETED,2026-08-03,2026-08-04,24703.9,24703.9,2026-09-02,2026-09-03,23997.95,23997.95,30,22,-0.0285764596,-0.0285764596,,,,,false,false
TWENTY_BPS_ROUND_TRIP,1,COMPLETED,2024-02-20,2024-02-21,22248.85,22271.09885,2024-03-19,2024-03-20,21843.9,21822.0561,28,19,-0.0182009407,-0.0201625772,,,,,false,false
TWENTY_BPS_ROUND_TRIP,2,COMPLETED,2024-04-08,2024-04-09,22765.1,22787.8651,2024-08-05,2024-08-06,24189.85,24165.66015,119,80,0.0625848338,0.0604617872,,,,,false,false
TWENTY_BPS_ROUND_TRIP,3,COMPLETED,2024-08-29,2024-08-30,25249.7,25274.9497,2024-10-22,2024-10-23,24378.15,24353.77185,54,37,-0.0345172418,-0.0364462783,,,,,false,false
TWENTY_BPS_ROUND_TRIP,4,COMPLETED,2024-12-05,2024-12-06,24729.45,24754.17945,2025-01-10,2025-01-13,23195.4,23172.2046,38,25,-0.0620333246,-0.0639073839,,,,,false,false
TWENTY_BPS_ROUND_TRIP,5,COMPLETED,2025-03-20,2025-03-21,23168.25,23191.41825,2025-04-07,2025-04-08,22446.75,22424.30325,18,11,-0.0311417565,-0.0330775372,,,,,false,false
TWENTY_BPS_ROUND_TRIP,6,COMPLETED,2025-04-21,2025-04-22,24185.4,24209.5854,2025-07-25,2025-07-28,24782.45,24757.66755,97,68,0.024686381,0.0226390556,,,,,false,false
TWENTY_BPS_ROUND_TRIP,7,COMPLETED,2025-09-16,2025-09-17,25276.6,25301.8766,2026-01-09,2026-01-12,25669.05,25643.38095,117,79,0.0155262179,0.0134971945,,,,,false,false
TWENTY_BPS_ROUND_TRIP,8,COMPLETED,2026-04-15,2026-04-16,24385.2,24409.5852,2026-05-12,2026-05-13,23362.45,23339.08755,27,18,-0.0419414235,-0.0438556264,,,,,false,false
TWENTY_BPS_ROUND_TRIP,9,COMPLETED,2026-06-18,2026-06-19,23991.2,24015.1912,2026-07-24,2026-07-27,23928.4,23904.4716,38,25,-0.0026176265,-0.0046103984,,,,,false,false
TWENTY_BPS_ROUND_TRIP,10,COMPLETED,2026-08-03,2026-08-04,24703.9,24728.6039,2026-09-02,2026-09-03,23997.95,23973.95205,30,22,-0.0285764596,-0.0305173658,,,,,false,false
